,date,1dAp,2dAp,3dAp
0,2013-12-22,5,5,10
1,2013-12-23,5,10,8
2,2013-12-24,10,8,5
3,2013-12-25,10,8,5
4,2013-12-26,7,5,5
5,2013-12-27,5,5,5
6,2013-12-28,5,5,5
7,2013-12-29,5,5,10
8,2013-12-30,5,10,15
9,2013-12-31,10,18,10
10,2014-01-01,18,10,8
11,2014-01-02,10,8,5
12,2014-01-03,8,5,5
13,2014-01-04,5,5,5
14,2014-01-05,5,15,18
15,2014-01-06,18,15,8
16,2014-01-07,12,8,5
17,2014-01-08,73,41,15
18,2014-01-09,40,20,14
19,2014-01-10,20,12,8
20,2014-01-11,12,8,5
21,2014-01-12,6,5,5
22,2014-01-13,5,5,5
23,2014-01-14,5,5,15
24,2014-01-15,5,15,10
25,2014-01-16,12,10,5
26,2014-01-17,10,5,5
27,2014-01-18,5,5,8
28,2014-01-19,5,8,5
29,2014-01-20,8,5,5
30,2014-01-21,5,8,5
31,2014-01-22,8,5,5
32,2014-01-23,5,5,5
33,2014-01-24,5,5,8
34,2014-01-25,,,
35,2014-01-26,8,12,5
36,2014-01-27,5,10,12
37,2014-01-28,10,12,8
38,2014-01-29,12,8,5
39,2014-01-30,5,5,5
40,2014-01-31,5,17,12
41,2014-02-01,17,12,5
42,2014-02-02,8,8,5
43,2014-02-03,8,8,5
44,2014-02-04,5,5,5
45,2014-02-05,5,5,10
46,2014-02-06,8,15,10
47,2014-02-07,15,10,8
48,2014-02-08,12,8,5
49,2014-02-09,12,8,5
50,2014-02-10,8,5,5
51,2014-02-11,5,5,15
52,2014-02-12,5,25,40
53,2014-02-13,25,40,18
54,2014-02-14,40,18,12
55,2014-02-15,15,12,5
56,2014-02-16,12,5,5
57,2014-02-17,5,5,5
58,2014-02-18,5,5,15
59,2014-02-19,10,15,10
60,2014-02-20,20,12,12
61,2014-02-21,23,20,10
62,2014-02-22,20,10,8
63,2014-02-23,10,8,5
64,2014-02-24,8,5,7
65,2014-02-25,8,12,15
66,2014-02-26,18,15,8
67,2014-02-27,25,8,5
68,2014-02-28,8,5,5
69,2014-03-01,5,5,5
70,2014-03-02,5,5,5
71,2014-03-03,5,5,5
72,2014-03-04,5,5,5
73,2014-03-05,5,5,12
74,2014-03-06,5,12,10
75,2014-03-07,12,10,10
76,2014-03-08,12,10,8
77,2014-03-09,12,10,8
78,2014-03-10,8,5,5
79,2014-03-11,5,5,5
80,2014-03-12,5,5,5
81,2014-03-13,8,5,5
82,2014-03-14,5,8,8
83,2014-03-15,8,8,5
84,2014-03-16,8,8,5
85,2014-03-17,8,5,5
86,2014-03-18,5,5,5
87,2014-03-19,5,5,5
88,2014-03-20,5,5,8
89,2014-03-21,8,8,10
90,2014-03-22,8,10,8
91,2014-03-23,10,8,12
92,2014-03-24,8,12,5
93,2014-03-25,12,5,5
94,2014-03-26,5,5,5
95,2014-03-27,5,5,5
96,2014-03-28,5,5,5
97,2014-03-29,5,5,12
98,2014-03-30,5,12,28
99,2014-03-31,12,28,10
100,2014-04-01,20,10,5
101,2014-04-02,5,5,18
102,2014-04-03,14,20,8
103,2014-04-04,20,8,5
104,2014-04-05,8,5,5
105,2014-04-06,5,5,8
106,2014-04-07,5,5,5
107,2014-04-08,8,8,5
108,2014-04-09,8,5,10
109,2014-04-10,5,10,12
110,2014-04-11,10,12,8
111,2014-04-12,12,8,8
112,2014-04-13,8,8,5
113,2014-04-14,8,5,5
114,2014-04-15,5,8,8
115,2014-04-16,8,8,5
116,2014-04-17,8,12,20
117,2014-04-18,12,25,20
118,2014-04-19,35,25,10
119,2014-04-20,20,10,8
120,2014-04-21,15,8,8
121,2014-04-22,8,8,8
122,2014-04-23,8,8,5
123,2014-04-24,8,5,5
124,2014-04-25,5,5,5
125,2014-04-26,5,5,8
126,2014-04-27,5,8,8
127,2014-04-28,8,8,5
128,2014-04-29,8,5,5
129,2014-04-30,15,8,5
130,2014-05-01,5,5,8
131,2014-05-02,5,8,8
132,2014-05-03,10,8,5
133,2014-05-04,8,8,12
134,2014-05-05,8,12,8
135,2014-05-06,5,8,8
136,2014-05-07,8,8,12
137,2014-05-08,8,12,10
138,2014-05-09,12,10,8
139,2014-05-10,10,8,5
140,2014-05-11,8,5,10
141,2014-05-12,5,10,10
142,2014-05-13,8,10,8
143,2014-05-14,10,8,5
144,2014-05-15,7,5,5
145,2014-05-16,5,5,5
146,2014-05-17,5,5,5
147,2014-05-18,5,5,8
148,2014-05-19,5,8,8
149,2014-05-20,5,8,8
150,2014-05-21,8,8,5
151,2014-05-22,8,5,5
152,2014-05-23,10,5,8
153,2014-05-24,5,8,5
154,2014-05-25,8,5,5
155,2014-05-26,5,5,8
156,2014-05-27,5,8,5
157,2014-05-28,8,5,5
158,2014-05-29,5,5,8
159,2014-05-30,10,8,5
160,2014-05-31,8,5,8
161,2014-06-01,5,8,8
162,2014-06-02,8,8,5
163,2014-06-03,8,5,8
164,2014-06-04,5,8,10
165,2014-06-05,8,10,8
166,2014-06-06,10,8,5
167,2014-06-07,10,5,5
168,2014-06-08,15,5,5
169,2014-06-09,5,5,5
170,2014-06-10,5,5,18
171,2014-06-11,8,18,20
172,2014-06-12,18,20,10
173,2014-06-13,20,10,8
174,2014-06-14,12,10,5
175,2014-06-15,10,8,8
176,2014-06-16,8,8,5
177,2014-06-17,8,5,5
178,2014-06-18,5,5,5
179,2014-06-19,5,5,8
180,2014-06-20,5,18,15
181,2014-06-21,18,18,15
182,2014-06-22,18,15,15
183,2014-06-23,15,15,8
184,2014-06-24,5,5,8
185,2014-06-25,5,8,12
186,2014-06-26,8,12,8
187,2014-06-27,12,8,5
188,2014-06-28,8,5,5
189,2014-06-29,5,5,8
190,2014-06-30,5,8,8
191,2014-07-01,8,8,5
192,2014-07-02,5,5,5
193,2014-07-03,5,5,8
194,2014-07-04,8,8,5
195,2014-07-05,5,5,5
196,2014-07-06,5,5,8
197,2014-07-07,10,12,7
198,2014-07-08,12,7,7
199,2014-07-09,7,7,8
200,2014-07-10,5,5,10
201,2014-07-11,5,10,8
202,2014-07-12,10,8,12
203,2014-07-13,8,12,8
204,2014-07-14,12,8,8
205,2014-07-15,8,8,5
206,2014-07-16,5,5,5
207,2014-07-17,5,5,5
208,2014-07-18,5,5,8
209,2014-07-19,5,8,8
210,2014-07-20,8,8,5
211,2014-07-21,5,5,5
212,2014-07-22,5,5,8
213,2014-07-23,5,8,8
214,2014-07-24,8,8,5
215,2014-07-25,8,5,12
216,2014-07-26,5,12,10
217,2014-07-27,12,10,5
218,2014-07-28,8,5,5
219,2014-07-29,5,5,5
220,2014-07-30,5,5,8
221,2014-07-31,5,8,14
222,2014-08-01,10,14,10
223,2014-08-02,16,12,8
224,2014-08-03,12,8,5
225,2014-08-04,8,5,8
226,2014-08-05,5,8,8
227,2014-08-06,8,8,5
228,2014-08-07,8,5,8
229,2014-08-08,5,8,5
230,2014-08-09,8,5,5
231,2014-08-10,8,5,8
232,2014-08-11,5,8,5
233,2014-08-12,10,8,8
234,2014-08-13,8,5,5
235,2014-08-14,8,8,5
236,2014-08-15,8,5,5
237,2014-08-16,5,5,12
238,2014-08-17,5,12,14
239,2014-08-18,12,18,8
240,2014-08-19,25,8,8
241,2014-08-20,10,8,5
242,2014-08-21,8,5,5
243,2014-08-22,5,5,5
244,2014-08-23,5,5,15
245,2014-08-24,5,15,12
246,2014-08-25,15,20,12
247,2014-08-26,20,12,8
248,2014-08-27,25,10,8
249,2014-08-28,10,8,12
250,2014-08-29,8,14,12
251,2014-08-30,14,12,8
252,2014-08-31,12,8,8
253,2014-09-01,8,8,10
254,2014-09-02,8,10,8
255,2014-09-03,10,10,15
256,2014-09-04,10,18,12
257,2014-09-05,22,15,8
258,2014-09-06,18,8,5
259,2014-09-07,8,5,8
260,2014-09-08,8,8,5
261,2014-09-09,8,5,32
262,2014-09-10,5,32,18
263,2014-09-11,40,60,25
264,2014-09-12,62,25,12
265,2014-09-13,15,8,10
266,2014-09-14,5,10,8
267,2014-09-15,5,12,8
268,2014-09-16,12,8,10
269,2014-09-17,5,5,5
270,2014-09-18,5,5,5
271,2014-09-19,18,8,5
272,2014-09-20,8,5,8
273,2014-09-21,5,8,8
274,2014-09-22,10,10,10
275,2014-09-23,10,8,5
276,2014-09-24,18,12,12
277,2014-09-25,12,15,15
278,2014-09-26,15,15,12
279,2014-09-27,15,12,10
280,2014-09-28,10,10,8
281,2014-09-29,10,8,10
282,2014-09-30,10,9,5
283,2014-10-01,8,8,5
284,2014-10-02,8,5,8
285,2014-10-03,5,8,8
286,2014-10-04,10,8,5
287,2014-10-05,8,8,5
288,2014-10-06,5,5,5
289,2014-10-07,5,5,5
290,2014-10-08,5,5,8
291,2014-10-09,8,8,5
292,2014-10-10,8,5,5
293,2014-10-11,5,5,8
294,2014-10-12,5,8,8
295,2014-10-13,8,8,8
296,2014-10-14,12,8,8
297,2014-10-15,12,8,8
298,2014-10-16,8,8,8
299,2014-10-17,8,8,8
300,2014-10-18,10,12,15
301,2014-10-19,12,15,15
302,2014-10-20,18,15,15
303,2014-10-21,15,15,15
304,2014-10-22,15,15,10
305,2014-10-23,15,10,10
306,2014-10-24,10,10,12
307,2014-10-25,10,12,10
308,2014-10-26,12,10,10
309,2014-10-27,10,10,8
310,2014-10-28,10,14,8
311,2014-10-29,12,8,8
312,2014-10-30,8,8,8
313,2014-10-31,8,8,8
314,2014-11-01,12,12,8
315,2014-11-02,12,10,12
316,2014-11-03,10,12,8
317,2014-11-04,12,8,8
318,2014-11-05,8,10,8
319,2014-11-06,8,8,8
320,2014-11-07,8,8,10
321,2014-11-08,8,34,18
322,2014-11-09,34,18,8
323,2014-11-10,18,8,8
324,2014-11-11,5,5,5
325,2014-11-12,8,8,8
326,2014-11-13,8,8,12
327,2014-11-14,10,20,15
328,2014-11-15,20,15,12
329,2014-11-16,18,12,10
330,2014-11-17,10,10,12
331,2014-11-18,12,12,12
332,2014-11-19,12,12,10
333,2014-11-20,12,10,12
334,2014-11-21,12,12,12
335,2014-11-22,10,8,5
336,2014-11-23,8,5,5
337,2014-11-24,5,5,5
338,2014-11-25,8,8,5
339,2014-11-26,8,5,5
340,2014-11-27,5,5,5
341,2014-11-28,5,5,15
342,2014-11-29,5,15,12
343,2014-11-30,15,12,8
344,2014-12-01,12,8,8
345,2014-12-02,8,8,8
346,2014-12-03,8,8,8
347,2014-12-04,8,8,8
348,2014-12-05,8,10,8
349,2014-12-06,10,8,10
350,2014-12-07,15,10,8
351,2014-12-08,12,8,5
352,2014-12-09,8,8,5
353,2014-12-10,8,5,15
354,2014-12-11,5,15,16
355,2014-12-12,18,15,15
356,2014-12-13,,,
357,2014-12-14,8,12,10
358,2014-12-15,12,10,8
359,2014-12-16,10,8,8
360,2014-12-17,8,10,15
361,2014-12-18,10,15,10
362,2014-12-19,18,35,18
363,2014-12-20,35,18,8
364,2014-12-21,22,8,8
365,2014-12-22,15,8,8
366,2014-12-23,15,8,5
367,2014-12-24,10,5,8
368,2014-12-25,5,8,10
369,2014-12-26,8,10,10
370,2014-12-27,10,10,10
371,2014-12-28,10,10,10
372,2014-12-29,10,10,10
373,2014-12-30,15,15,15
374,2014-12-31,15,15,15
375,2015-01-01,10,15,15
376,2015-01-02,15,15,15
377,2015-01-03,15,15,10
378,2015-01-04,15,10,8
379,2015-01-05,15,8,18
380,2015-01-06,8,18,10
381,2015-01-07,20,15,10
382,2015-01-08,15,10,10
383,2015-01-09,10,12,10
384,2015-01-10,12,10,8
385,2015-01-11,10,8,5
386,2015-01-12,8,5,5
387,2015-01-13,5,15,10
388,2015-01-14,15,10,8
389,2015-01-15,12,10,15
390,2015-01-16,12,15,12
391,2015-01-17,15,12,10
392,2015-01-18,12,10,10
393,2015-01-19,8,8,8
394,2015-01-20,8,8,8
395,2015-01-21,15,15,15
396,2015-01-22,15,15,18
397,2015-01-23,8,18,18
398,2015-01-24,18,18,8
399,2015-01-25,5,5,8
400,2015-01-26,15,10,12
401,2015-01-27,10,12,15
402,2015-01-28,12,15,15
403,2015-01-29,15,15,15
404,2015-01-30,18,15,12
405,2015-01-31,18,15,12
406,2015-02-01,20,15,12
407,2015-02-02,15,12,10
408,2015-02-03,12,10,10
409,2015-02-04,10,10,10
410,2015-02-05,10,10,8
411,2015-02-06,8,8,8
412,2015-02-07,8,8,8
413,2015-02-08,10,8,8
414,2015-02-09,8,8,8
415,2015-02-10,8,8,8
416,2015-02-11,8,8,8
417,2015-02-12,8,8,12
418,2015-02-13,8,12,15
419,2015-02-14,12,15,10
420,2015-02-15,15,10,8
421,2015-02-16,15,10,5
422,2015-02-17,10,5,5
423,2015-02-18,8,5,5
424,2015-02-19,5,5,15
425,2015-02-20,8,15,12
426,2015-02-21,15,12,10
427,2015-02-22,10,8,8
428,2015-02-23,8,8,8
429,2015-02-24,12,10,8
430,2015-02-25,,,
431,2015-02-26,8,20,22
432,2015-02-27,15,22,20
433,2015-02-28,22,20,15
434,2015-03-01,25,15,10
435,2015-03-02,20,15,10
436,2015-03-03,10,8,8
437,2015-03-04,8,8,8
438,2015-03-05,8,8,12
439,2015-03-06,10,12,15
440,2015-03-07,12,15,10
441,2015-03-08,18,12,8
442,2015-03-09,8,8,8
443,2015-03-10,5,18,30
444,2015-03-11,18,30,18
445,2015-03-12,30,20,12
446,2015-03-13,20,15,10
447,2015-03-14,15,10,18
448,2015-03-15,8,15,20
449,2015-03-16,15,20,18
450,2015-03-17,35,18,8
451,2015-03-18,20,10,8
452,2015-03-19,18,8,20
453,2015-03-20,12,20,20
454,2015-03-21,20,20,10
455,2015-03-22,20,20,18
456,2015-03-23,20,18,8
457,2015-03-24,8,8,15
458,2015-03-25,8,15,25
459,2015-03-26,15,25,25
460,2015-03-27,25,25,15
461,2015-03-28,22,15,10
462,2015-03-29,29,29,15
463,2015-03-30,15,12,12
464,2015-03-31,12,12,18
465,2015-04-01,12,18,15
466,2015-04-02,18,15,8
467,2015-04-03,15,10,8
468,2015-04-04,10,8,8
469,2015-04-05,8,12,15
470,2015-04-06,8,8,12
471,2015-04-07,8,20,15
472,2015-04-08,20,15,8
473,2015-04-09,15,8,5
474,2015-04-10,18,8,5
475,2015-04-11,8,5,5
476,2015-04-12,5,5,5
477,2015-04-13,,,
478,2015-04-14,20,15,8
479,2015-04-15,15,8,8
480,2015-04-16,20,8,8
481,2015-04-17,15,8,12
482,2015-04-18,8,12,12
483,2015-04-19,12,35,27
484,2015-04-20,35,27,12
485,2015-04-21,25,15,8
486,2015-04-22,15,8,12
487,2015-04-23,8,12,8
488,2015-04-24,12,8,8
489,2015-04-25,8,8,10
490,2015-04-26,5,5,8
491,2015-04-27,5,8,10
492,2015-04-28,8,10,10
493,2015-04-29,10,10,8
494,2015-04-30,10,8,5
495,2015-05-01,8,5,5
496,2015-05-02,5,5,8
497,2015-05-03,5,8,15
498,2015-05-04,8,15,10
499,2015-05-05,15,10,5
500,2015-05-06,12,5,5
501,2015-05-07,5,5,5
502,2015-05-08,5,5,12
503,2015-05-09,5,12,25
504,2015-05-10,12,25,25
505,2015-05-11,25,25,12
506,2015-05-12,25,12,8
507,2015-05-13,20,12,8
508,2015-05-14,12,10,20
509,2015-05-15,10,20,15
510,2015-05-16,20,15,12
511,2015-05-17,15,12,5
512,2015-05-18,8,5,5
513,2015-05-19,12,8,5
514,2015-05-20,5,5,5
515,2015-05-21,5,5,5
516,2015-05-22,5,5,8
517,2015-05-23,5,5,5
518,2015-05-24,5,5,5
519,2015-05-25,5,5,8
520,2015-05-26,5,8,12
521,2015-05-27,8,12,8
522,2015-05-28,12,8,5
523,2015-05-29,8,5,5
524,2015-05-30,5,5,5
525,2015-05-31,5,5,5
526,2015-06-01,5,5,5
527,2015-06-02,5,5,5
528,2015-06-03,5,5,8
529,2015-06-04,5,8,12
530,2015-06-05,8,12,20
531,2015-06-06,12,20,30
532,2015-06-07,20,28,20
533,2015-06-08,20,8,5
534,2015-06-09,12,8,5
535,2015-06-10,8,20,14
536,2015-06-11,20,15,16
537,2015-06-12,15,16,10
538,2015-06-13,16,10,8
539,2015-06-14,12,8,5
540,2015-06-15,18,8,5
541,2015-06-16,8,5,5
542,2015-06-17,,,
543,2015-06-18,6,5,5
544,2015-06-19,5,8,25
545,2015-06-20,8,25,20
546,2015-06-21,60,42,15
547,2015-06-22,40,20,20
548,2015-06-23,40,80,25
549,2015-06-24,25,8,5
550,2015-06-25,15,45,60
551,2015-06-26,45,60,20
552,2015-06-27,12,8,5
553,2015-06-28,8,5,5
554,2015-06-29,5,8,5
555,2015-06-30,8,5,5
556,2015-07-01,5,5,5
557,2015-07-02,5,8,25
558,2015-07-03,8,30,18
559,2015-07-04,30,18,8
560,2015-07-05,12,5,5
561,2015-07-06,5,5,5
562,2015-07-07,5,5,12
563,2015-07-08,5,12,25
564,2015-07-09,12,25,18
565,2015-07-10,25,18,8
566,2015-07-11,15,8,8
567,2015-07-12,8,8,5
568,2015-07-13,18,8,5
569,2015-07-14,5,5,5
570,2015-07-15,5,5,5
571,2015-07-16,8,8,10
572,2015-07-17,8,10,10
573,2015-07-18,10,10,5
574,2015-07-19,10,5,5
575,2015-07-20,8,5,15
576,2015-07-21,5,15,10
577,2015-07-22,15,10,8
578,2015-07-23,15,12,8
579,2015-07-24,12,8,5
580,2015-07-25,8,5,10
581,2015-07-26,5,10,18
582,2015-07-27,10,16,10
583,2015-07-28,13,10,12
584,2015-07-29,8,18,24
585,2015-07-30,23,24,17
586,2015-07-31,24,16,12
587,2015-08-01,12,10,8
588,2015-08-02,10,8,5
589,2015-08-03,5,5,12
590,2015-08-04,6,12,20
591,2015-08-05,10,23,15
592,2015-08-06,23,15,20
593,2015-08-07,15,19,22
594,2015-08-08,19,22,12
595,2015-08-09,22,12,8
596,2015-08-10,8,5,5
597,2015-08-11,5,5,5
598,2015-08-12,5,5,5
599,2015-08-13,5,5,25
600,2015-08-14,5,25,18
601,2015-08-15,20,12,8
602,2015-08-16,20,15,8
603,2015-08-17,25,18,5
604,2015-08-18,10,5,5
605,2015-08-19,18,10,10
606,2015-08-20,12,12,28
607,2015-08-21,8,28,12
608,2015-08-22,28,28,20
609,2015-08-23,28,20,12
610,2015-08-24,12,8,18
611,2015-08-25,8,12,18
612,2015-08-26,20,18,12
613,2015-08-27,22,12,8
614,2015-08-28,25,12,8
615,2015-08-29,10,8,20
616,2015-08-30,8,20,22
617,2015-08-31,20,22,14
618,2015-09-01,22,14,10
619,2015-09-02,12,9,8
620,2015-09-03,8,10,9
621,2015-09-04,12,8,15
622,2015-09-05,8,12,8
623,2015-09-06,12,8,5
624,2015-09-07,30,12,8
625,2015-09-08,12,8,12
626,2015-09-09,28,16,27
627,2015-09-10,18,25,15
628,2015-09-11,40,25,15
629,2015-09-12,25,15,20
630,2015-09-13,12,20,12
631,2015-09-14,20,18,8
632,2015-09-15,12,8,8
633,2015-09-16,8,8,8
634,2015-09-17,8,12,16
635,2015-09-18,16,25,30
636,2015-09-19,30,30,18
637,2015-09-20,30,18,8
638,2015-09-21,10,12,8
639,2015-09-22,8,8,8
640,2015-09-23,8,15,15
641,2015-09-24,15,15,8
642,2015-09-25,15,8,8
643,2015-09-26,8,8,8
644,2015-09-27,7,7,7
645,2015-09-28,5,6,9
646,2015-09-29,8,9,18
647,2015-09-30,8,20,22
648,2015-10-01,22,24,33
649,2015-10-02,24,33,22
650,2015-10-03,33,18,12
651,2015-10-04,12,8,8
652,2015-10-05,8,14,36
653,2015-10-06,22,42,16
654,2015-10-07,48,18,12
655,2015-10-08,27,12,12
656,2015-10-09,12,12,20
657,2015-10-10,12,20,15
658,2015-10-11,20,15,18
659,2015-10-12,15,18,20
660,2015-10-13,30,30,30
661,2015-10-14,18,18,15
662,2015-10-15,18,15,12
663,2015-10-16,10,8,8
664,2015-10-17,8,8,5
665,2015-10-18,12,8,12
666,2015-10-19,5,12,10
667,2015-10-20,12,10,5
668,2015-10-21,10,5,5
669,2015-10-22,5,12,24
670,2015-10-23,20,24,8
671,2015-10-24,24,8,5
672,2015-10-25,10,5,8
673,2015-10-26,5,8,12
674,2015-10-27,8,12,12
675,2015-10-28,12,12,15
676,2015-10-29,12,12,8
677,2015-10-30,8,8,8
678,2015-10-31,8,65,50
679,2015-11-01,65,50,20
680,2015-11-02,62,21,12
681,2015-11-03,21,12,8
682,2015-11-04,18,12,8
683,2015-11-05,12,25,25
684,2015-11-06,25,20,18
685,2015-11-07,25,18,15
686,2015-11-08,25,18,12
687,2015-11-09,20,12,8
688,2015-11-10,18,30,15
689,2015-11-11,30,15,25
690,2015-11-12,15,20,12
691,2015-11-13,22,12,8
692,2015-11-14,8,8,8
693,2015-11-15,8,8,15
694,2015-11-16,10,25,15
695,2015-11-17,30,20,10
696,2015-11-18,18,10,8
697,2015-11-19,10,8,8
698,2015-11-20,8,8,8
699,2015-11-21,8,8,8
700,2015-11-22,5,5,15
701,2015-11-23,5,15,10
702,2015-11-24,15,10,8
703,2015-11-25,8,8,8
704,2015-11-26,8,8,5
705,2015-11-27,8,8,8
706,2015-11-28,8,12,25
707,2015-11-29,12,25,15
708,2015-11-30,22,10,5
709,2015-12-01,10,5,8
710,2015-12-02,5,8,6
711,2015-12-03,8,8,18
712,2015-12-04,8,18,25
713,2015-12-05,30,25,20
714,2015-12-06,25,20,15
715,2015-12-07,20,16,18
716,2015-12-08,13,32,28
717,2015-12-09,32,28,15
718,2015-12-10,22,16,12
719,2015-12-11,16,12,10
720,2015-12-12,10,8,18
721,2015-12-13,8,18,25
722,2015-12-14,25,18,12
723,2015-12-15,12,8,8
724,2015-12-16,5,5,5
725,2015-12-17,16,42,18
726,2015-12-18,42,18,8
727,2015-12-19,20,8,5
728,2015-12-20,20,10,5
729,2015-12-21,12,6,6
730,2015-12-22,6,10,12
731,2015-12-23,12,14,10
732,2015-12-24,12,10,8
733,2015-12-25,12,8,12
734,2015-12-26,16,12,10
735,2015-12-27,12,10,10
736,2015-12-28,10,32,26
737,2015-12-29,40,28,15
738,2015-12-30,46,24,18
739,2015-12-31,30,18,18
740,2016-01-01,18,18,12
741,2016-01-02,35,12,8
742,2016-01-03,15,8,20
743,2016-01-04,8,20,20
744,2016-01-05,20,20,12
745,2016-01-06,12,8,5
746,2016-01-07,8,5,5
747,2016-01-08,8,8,8
748,2016-01-09,5,5,18
749,2016-01-10,6,15,12
750,2016-01-11,18,12,8
751,2016-01-12,12,8,6
752,2016-01-13,8,6,6
753,2016-01-14,5,5,5
754,2016-01-15,5,5,8
755,2016-01-16,5,8,15
756,2016-01-17,8,15,10
757,2016-01-18,15,10,8
758,2016-01-19,10,8,12
759,2016-01-20,10,12,8
760,2016-01-21,12,8,8
761,2016-01-22,8,5,8
762,2016-01-23,8,8,15
763,2016-01-24,15,12,10
764,2016-01-25,15,12,8
765,2016-01-26,12,10,8
766,2016-01-27,12,10,8
767,2016-01-28,12,8,5
768,2016-01-29,6,6,6
769,2016-01-30,5,5,8
770,2016-01-31,8,8,15
771,2016-02-01,8,15,8
772,2016-02-02,15,8,6
773,2016-02-03,8,5,5
774,2016-02-04,6,5,8
775,2016-02-05,8,10,18
776,2016-02-06,10,18,12
777,2016-02-07,18,18,8
778,2016-02-08,16,8,10
779,2016-02-09,8,10,16
780,2016-02-10,9,15,10
781,2016-02-11,12,10,6
782,2016-02-12,10,12,27
783,2016-02-13,12,27,12
784,2016-02-14,27,12,20
785,2016-02-15,14,22,14
786,2016-02-16,22,14,12
787,2016-02-17,18,12,8
788,2016-02-18,20,12,8
789,2016-02-19,10,8,5
790,2016-02-20,5,5,5
791,2016-02-21,5,5,8
792,2016-02-22,5,8,8
793,2016-02-23,8,8,8
794,2016-02-24,8,8,8
795,2016-02-25,5,5,5
796,2016-02-26,5,5,5
797,2016-02-27,5,5,15
798,2016-02-28,5,15,12
799,2016-02-29,15,12,10
800,2016-03-01,8,8,8
801,2016-03-02,8,8,12
802,2016-03-03,12,15,20
803,2016-03-04,12,22,15
804,2016-03-05,20,15,10
805,2016-03-06,24,10,8
806,2016-03-07,10,8,5
807,2016-03-08,8,5,5
808,2016-03-09,5,5,10
809,2016-03-10,5,10,8
810,2016-03-11,15,8,8
811,2016-03-12,10,8,25
812,2016-03-13,5,25,22
813,2016-03-14,32,28,18
814,2016-03-15,22,14,8
815,2016-03-16,14,8,5
816,2016-03-17,16,8,6
817,2016-03-18,8,5,5
818,2016-03-19,5,5,8
819,2016-03-20,8,8,10
820,2016-03-21,8,10,8
821,2016-03-22,8,5,5
822,2016-03-23,5,5,8
823,2016-03-24,5,5,8
824,2016-03-25,5,10,12
825,2016-03-26,10,12,8
826,2016-03-27,12,8,5
827,2016-03-28,8,6,5
828,2016-03-29,8,5,10
829,2016-03-30,8,10,26
830,2016-03-31,10,26,18
831,2016-04-01,35,18,8
832,2016-04-02,18,8,16
833,2016-04-03,8,15,12
834,2016-04-04,14,10,12
835,2016-04-05,8,12,10
836,2016-04-06,14,12,9
837,2016-04-07,15,8,5
838,2016-04-08,8,5,5
839,2016-04-09,5,5,5
840,2016-04-10,8,8,18
841,2016-04-11,15,30,30
842,2016-04-12,30,30,12
843,2016-04-13,30,12,8
844,2016-04-14,12,8,8
845,2016-04-15,8,8,8
846,2016-04-16,10,8,12
847,2016-04-17,12,12,8
848,2016-04-18,12,8,5
849,2016-04-19,8,5,5
850,2016-04-20,5,5,12
851,2016-04-21,5,16,12
852,2016-04-22,16,12,10
853,2016-04-23,10,8,8
854,2016-04-24,8,8,5
855,2016-04-25,6,5,5
856,2016-04-26,5,5,14
857,2016-04-27,8,14,26
858,2016-04-28,14,26,20
859,2016-04-29,25,20,10
860,2016-04-30,15,10,5
861,2016-05-01,10,5,5
862,2016-05-02,10,5,5
863,2016-05-03,5,5,5
864,2016-05-04,5,5,12
865,2016-05-05,5,12,18
866,2016-05-06,15,18,25
867,2016-05-07,18,25,25
868,2016-05-08,37,25,15
869,2016-05-09,22,14,10
870,2016-05-10,,,
871,2016-05-11,,,
872,2016-05-12,,,
873,2016-05-13,,,
874,2016-05-14,,,
875,2016-05-15,,,
876,2016-05-16,,,
877,2016-05-17,,,
878,2016-05-18,,,
879,2016-05-19,,,
880,2016-05-20,,,
881,2016-05-21,,,
882,2016-05-22,,,
883,2016-05-23,,,
884,2016-05-24,,,
885,2016-05-25,,,
886,2016-05-26,,,
887,2016-05-27,,,
888,2016-05-28,,,
889,2016-05-29,20,12,5
890,2016-05-30,10,5,5
891,2016-05-31,6,5,8
892,2016-06-01,5,10,35
893,2016-06-02,10,35,32
894,2016-06-03,35,32,15
895,2016-06-04,42,15,8
896,2016-06-05,20,8,5
897,2016-06-06,10,6,5
898,2016-06-07,6,5,8
899,2016-06-08,5,8,12
900,2016-06-09,8,14,18
901,2016-06-10,20,16,10
902,2016-06-11,12,8,5
903,2016-06-12,8,5,8
904,2016-06-13,6,12,10
905,2016-06-14,23,10,8
906,2016-06-15,18,12,8
907,2016-06-16,8,5,5
908,2016-06-17,8,5,5
909,2016-06-18,5,5,5
910,2016-06-19,5,5,5
911,2016-06-20,5,5,10
912,2016-06-21,5,10,15
913,2016-06-22,12,15,8
914,2016-06-23,8,12,8
915,2016-06-24,12,10,5
916,2016-06-25,9,5,5
917,2016-06-26,8,5,5
918,2016-06-27,5,5,15
919,2016-06-28,5,15,10
920,2016-06-29,15,10,25
921,2016-06-30,12,30,25
922,2016-07-01,25,25,10
923,2016-07-02,25,10,5
924,2016-07-03,10,5,5
925,2016-07-04,5,5,5
926,2016-07-05,5,15,12
927,2016-07-06,18,15,10
928,2016-07-07,15,10,8
929,2016-07-08,20,8,20
930,2016-07-09,16,20,12
931,2016-07-10,20,12,8
932,2016-07-11,12,15,15
933,2016-07-12,15,15,10
934,2016-07-13,,,
935,2016-07-14,,,
936,2016-07-15,,,
937,2016-07-16,,,
938,2016-07-17,,,
939,2016-07-18,,,
940,2016-07-19,,,
941,2016-07-20,,,
942,2016-07-21,,,
943,2016-07-22,,,
944,2016-07-23,,,
945,2016-07-24,,,
946,2016-07-25,,,
947,2016-07-26,,,
948,2016-07-27,,,
949,2016-07-28,,,
950,2016-07-29,,,
951,2016-07-30,,,
952,2016-07-31,8,32,20
953,2016-08-01,32,20,15
954,2016-08-02,20,15,12
955,2016-08-03,15,15,10
956,2016-08-04,15,10,10
957,2016-08-05,10,10,20
958,2016-08-06,10,20,8
959,2016-08-07,20,8,12
960,2016-08-08,12,12,10
961,2016-08-09,12,10,8
962,2016-08-10,12,8,5
963,2016-08-11,8,5,5
964,2016-08-12,8,8,12
965,2016-08-13,5,12,18
966,2016-08-14,12,18,10
967,2016-08-15,16,8,8
968,2016-08-16,10,8,10
969,2016-08-17,8,10,14
970,2016-08-18,10,14,8
971,2016-08-19,15,8,5
972,2016-08-20,8,5,8
973,2016-08-21,7,8,12
974,2016-08-22,8,12,12
975,2016-08-23,16,12,8
976,2016-08-24,10,6,5
977,2016-08-25,8,5,8
978,2016-08-26,5,8,30
979,2016-08-27,5,25,22
980,2016-08-28,20,18,10
981,2016-08-29,18,18,15
982,2016-08-30,18,15,12
983,2016-08-31,15,12,12
984,2016-09-01,15,12,12
985,2016-09-02,12,12,12
986,2016-09-03,30,18,12
987,2016-09-04,20,12,10
988,2016-09-05,12,10,10
989,2016-09-06,10,8,5
990,2016-09-07,8,5,5
991,2016-09-08,8,8,10
992,2016-09-09,5,12,14
993,2016-09-10,12,15,8
994,2016-09-11,15,8,8
995,2016-09-12,8,8,5
996,2016-09-13,6,8,8
997,2016-09-14,8,8,8
998,2016-09-15,8,8,5
999,2016-09-16,5,5,18
1000,2016-09-17,5,18,20
1001,2016-09-18,18,20,12
1002,2016-09-19,20,12,8
1003,2016-09-20,12,8,8
1004,2016-09-21,8,8,5
1005,2016-09-22,5,5,8
1006,2016-09-23,5,8,18
1007,2016-09-24,8,18,12
1008,2016-09-25,18,12,35
1009,2016-09-26,12,40,40
1010,2016-09-27,40,44,38
1011,2016-09-28,44,38,30
1012,2016-09-29,38,30,20
1013,2016-09-30,30,21,18
1014,2016-10-01,18,12,12
1015,2016-10-02,12,15,10
1016,2016-10-03,15,10,5
1017,2016-10-04,12,6,5
1018,2016-10-05,7,5,5
1019,2016-10-06,5,5,5
1020,2016-10-07,5,5,5
1021,2016-10-08,5,5,5
1022,2016-10-09,5,8,8
1023,2016-10-10,8,8,18
1024,2016-10-11,5,18,18
1025,2016-10-12,18,30,15
1026,2016-10-13,45,25,15
1027,2016-10-14,15,18,15
1028,2016-10-15,18,15,12
1029,2016-10-16,26,12,8
1030,2016-10-17,12,8,5
1031,2016-10-18,8,5,5
1032,2016-10-19,5,5,20
1033,2016-10-20,5,22,24
1034,2016-10-21,22,24,40
1035,2016-10-22,24,40,44
1036,2016-10-23,32,44,40
1037,2016-10-24,40,40,24
1038,2016-10-25,40,24,20
1039,2016-10-26,30,24,18
1040,2016-10-27,24,18,16
1041,2016-10-28,20,15,15
1042,2016-10-29,15,15,12
1043,2016-10-30,15,12,8
1044,2016-10-31,10,8,8
1045,2016-11-01,8,8,10
1046,2016-11-02,8,10,8
1047,2016-11-03,10,8,5
1048,2016-11-04,8,5,5
1049,2016-11-05,5,5,20
1050,2016-11-06,8,20,8
1051,2016-11-07,20,12,10
1052,2016-11-08,12,10,12
1053,2016-11-09,8,14,26
1054,2016-11-10,26,20,18
1055,2016-11-11,20,18,12
1056,2016-11-12,18,12,8
1057,2016-11-13,15,10,5
1058,2016-11-14,10,5,5
1059,2016-11-15,5,5,5
1060,2016-11-16,5,5,14
1061,2016-11-17,5,16,18
1062,2016-11-18,15,18,12
1063,2016-11-19,15,8,40
1064,2016-11-20,8,20,35
1065,2016-11-21,20,35,30
1066,2016-11-22,35,30,20
1067,2016-11-23,22,20,12
1068,2016-11-24,20,12,10
1069,2016-11-25,15,10,8
1070,2016-11-26,10,8,8
1071,2016-11-27,8,8,8
1072,2016-11-28,8,8,5
1073,2016-11-29,8,5,5
1074,2016-11-30,5,5,5
1075,2016-12-01,5,5,10
1076,2016-12-02,5,10,8
1077,2016-12-03,10,8,5
1078,2016-12-04,8,5,12
1079,2016-12-05,8,15,15
1080,2016-12-06,20,20,20
1081,2016-12-07,20,20,18
1082,2016-12-08,20,18,12
1083,2016-12-09,24,12,8
1084,2016-12-10,12,8,5
1085,2016-12-11,8,5,5
1086,2016-12-12,5,5,5
1087,2016-12-13,5,5,8
1088,2016-12-14,5,5,5
1089,2016-12-15,5,8,8
1090,2016-12-16,8,8,15
1091,2016-12-17,8,15,15
1092,2016-12-18,15,15,25
1093,2016-12-19,15,25,30
1094,2016-12-20,25,30,12
1095,2016-12-21,30,12,12
1096,2016-12-22,12,12,8
1097,2016-12-23,12,8,5
1098,2016-12-24,8,5,5
1099,2016-12-25,12,5,5
1100,2016-12-26,8,5,5
1101,2016-12-27,5,5,12
1102,2016-12-28,5,12,24
1103,2016-12-29,10,24,18
1104,2016-12-30,20,18,10
1105,2016-12-31,20,10,12
1106,2017-01-01,10,12,18
1107,2017-01-02,14,24,28
1108,2017-01-03,30,28,20
1109,2017-01-04,25,18,15
1110,2017-01-05,18,14,10
1111,2017-01-06,18,10,5
1112,2017-01-07,12,8,5
1113,2017-01-08,8,5,12
1114,2017-01-09,10,8,12
1115,2017-01-10,8,10,10
1116,2017-01-11,10,8,8
1117,2017-01-12,8,8,5
1118,2017-01-13,8,8,8
1119,2017-01-14,5,5,8
1120,2017-01-15,5,8,25
1121,2017-01-16,8,25,20
1122,2017-01-17,25,20,18
1123,2017-01-18,20,18,18
1124,2017-01-19,15,12,10
1125,2017-01-20,12,8,5
1126,2017-01-21,8,5,5
1127,2017-01-22,8,5,5
1128,2017-01-23,5,5,5
1129,2017-01-24,5,5,12
1130,2017-01-25,5,12,15
1131,2017-01-26,15,15,8
1132,2017-01-27,15,10,12
1133,2017-01-28,12,12,20
1134,2017-01-29,10,25,20
1135,2017-01-30,25,20,18
1136,2017-01-31,20,18,15
1137,2017-02-01,18,16,14
1138,2017-02-02,16,14,12
1139,2017-02-03,14,12,10
1140,2017-02-04,10,8,12
1141,2017-02-05,10,12,12
1142,2017-02-06,12,12,8
1143,2017-02-07,12,8,5
1144,2017-02-08,7,5,5
1145,2017-02-09,5,5,5
1146,2017-02-10,5,5,5
1147,2017-02-11,5,5,8
1148,2017-02-12,5,8,12
1149,2017-02-13,8,13,10
1150,2017-02-14,12,10,12
1151,2017-02-15,10,12,10
1152,2017-02-16,12,10,8
1153,2017-02-17,12,10,10
1154,2017-02-18,12,10,10
1155,2017-02-19,10,10,12
1156,2017-02-20,10,16,20
1157,2017-02-21,15,20,14
1158,2017-02-22,18,12,8
1159,2017-02-23,18,12,8
1160,2017-02-24,12,8,5
1161,2017-02-25,8,5,12
1162,2017-02-26,5,12,25
1163,2017-02-27,12,25,20
1164,2017-02-28,30,20,15
1165,2017-03-01,22,16,12
1166,2017-03-02,22,14,10
1167,2017-03-03,20,10,5
1168,2017-03-04,12,8,5
1169,2017-03-05,8,5,5
1170,2017-03-06,14,10,8
1171,2017-03-07,10,8,5
1172,2017-03-08,8,5,5
1173,2017-03-09,10,10,8
1174,2017-03-10,10,8,8
1175,2017-03-11,5,5,5
1176,2017-03-12,8,8,8
1177,2017-03-13,5,5,5
1178,2017-03-14,5,5,8
1179,2017-03-15,5,10,8
1180,2017-03-16,10,8,5
1181,2017-03-17,8,5,5
1182,2017-03-18,5,5,8
1183,2017-03-19,5,8,12
1184,2017-03-20,8,12,20
1185,2017-03-21,22,18,14
1186,2017-03-22,20,14,8
1187,2017-03-23,18,8,8
1188,2017-03-24,8,12,25
1189,2017-03-25,12,25,40
1190,2017-03-26,25,40,35
1191,2017-03-27,45,35,24
1192,2017-03-28,30,24,20
1193,2017-03-29,24,20,16
1194,2017-03-30,20,20,20
1195,2017-03-31,25,22,18
1196,2017-04-01,15,15,12
1197,2017-04-02,8,7,6
1198,2017-04-03,5,6,8
1199,2017-04-04,10,8,12
1200,2017-04-05,8,8,8
1201,2017-04-06,8,8,5
1202,2017-04-07,8,5,5
1203,2017-04-08,12,8,8
1204,2017-04-09,12,8,8
1205,2017-04-10,8,8,5
1206,2017-04-11,8,5,5
1207,2017-04-12,5,8,10
1208,2017-04-13,8,10,8
1209,2017-04-14,10,8,20
1210,2017-04-15,10,20,15
1211,2017-04-16,20,15,18
1212,2017-04-17,20,18,15
1213,2017-04-18,15,15,8
1214,2017-04-19,15,8,8
1215,2017-04-20,12,8,40
1216,2017-04-21,25,40,30
1217,2017-04-22,40,30,20
1218,2017-04-23,30,20,20
1219,2017-04-24,20,20,18
1220,2017-04-25,16,14,12
1221,2017-04-26,10,8,5
1222,2017-04-27,8,5,5
1223,2017-04-28,5,8,12
1224,2017-04-29,8,12,8
1225,2017-04-30,12,8,12
1226,2017-05-01,8,12,12
1227,2017-05-02,12,12,8
1228,2017-05-03,12,8,8
1229,2017-05-04,15,5,5
1230,2017-05-05,14,8,5
1231,2017-05-06,5,5,5
1232,2017-05-07,8,5,15
1233,2017-05-08,5,15,13
1234,2017-05-09,15,10,10
1235,2017-05-10,8,8,5
1236,2017-05-11,8,5,5
1237,2017-05-12,5,5,10
1238,2017-05-13,5,10,18
1239,2017-05-14,12,22,32
1240,2017-05-15,20,30,30
1241,2017-05-16,30,30,50
1242,2017-05-17,20,45,30
1243,2017-05-18,45,30,20
1244,2017-05-19,30,20,12
1245,2017-05-20,20,12,8
1246,2017-05-21,12,8,8
1247,2017-05-22,8,8,5
1248,2017-05-23,8,5,12
1249,2017-05-24,5,12,12
1250,2017-05-25,12,20,10
1251,2017-05-26,20,10,5
1252,2017-05-27,15,8,5
1253,2017-05-28,12,5,5
1254,2017-05-29,8,5,5
1255,2017-05-30,5,5,12
1256,2017-05-31,5,10,14
1257,2017-06-01,10,15,8
1258,2017-06-02,15,8,5
1259,2017-06-03,15,5,5
1260,2017-06-04,5,5,5
1261,2017-06-05,5,5,5
1262,2017-06-06,5,5,5
1263,2017-06-07,5,5,5
1264,2017-06-08,5,5,5
1265,2017-06-09,5,5,8
1266,2017-06-10,5,8,10
1267,2017-06-11,15,12,8
1268,2017-06-12,10,8,15
1269,2017-06-13,8,15,25
1270,2017-06-14,15,25,15
1271,2017-06-15,25,12,10
1272,2017-06-16,14,10,8
1273,2017-06-17,10,8,5
1274,2017-06-18,10,5,5
1275,2017-06-19,5,5,8
1276,2017-06-20,5,8,12
1277,2017-06-21,8,12,12
1278,2017-06-22,12,12,10
1279,2017-06-23,12,10,8
1280,2017-06-24,8,5,5
1281,2017-06-25,10,5,10
1282,2017-06-26,5,5,10
1283,2017-06-27,5,10,10
1284,2017-06-28,10,8,5
1285,2017-06-29,5,5,12
1286,2017-06-30,5,12,20
1287,2017-07-01,23,23,11
1288,2017-07-02,19,11,7
1289,2017-07-03,12,8,8
1290,2017-07-04,8,8,5
1291,2017-07-05,5,5,5
1292,2017-07-06,5,8,25
1293,2017-07-07,8,25,18
1294,2017-07-08,25,18,12
1295,2017-07-09,18,12,15
1296,2017-07-10,12,15,10
1297,2017-07-11,8,5,15
1298,2017-07-12,5,15,12
1299,2017-07-13,8,18,10
1300,2017-07-14,15,35,45
1301,2017-07-15,35,45,18
1302,2017-07-16,30,12,8
1303,2017-07-17,12,8,8
1304,2017-07-18,8,8,12
1305,2017-07-19,5,8,12
1306,2017-07-20,8,12,8
1307,2017-07-21,12,8,5
1308,2017-07-22,12,8,5
1309,2017-07-23,8,5,5
1310,2017-07-24,8,5,5
1311,2017-07-25,8,5,5
1312,2017-07-26,8,8,5
1313,2017-07-27,7,5,5
1314,2017-07-28,5,5,12
1315,2017-07-29,5,12,10
1316,2017-07-30,12,10,8
1317,2017-07-31,5,8,5
1318,2017-08-01,8,5,5
1319,2017-08-02,5,25,25
1320,2017-08-03,25,25,12
1321,2017-08-04,20,12,8
1322,2017-08-05,12,8,10
1323,2017-08-06,8,10,8
1324,2017-08-07,8,6,5
1325,2017-08-08,5,5,8
1326,2017-08-09,5,8,15
1327,2017-08-10,8,15,12
1328,2017-08-11,15,12,8
1329,2017-08-12,12,8,5
1330,2017-08-13,8,5,10
1331,2017-08-14,5,16,26
1332,2017-08-15,16,26,20
1333,2017-08-16,26,20,16
1334,2017-08-17,24,18,16
1335,2017-08-18,18,15,12
1336,2017-08-19,22,15,12
1337,2017-08-20,18,12,8
1338,2017-08-21,12,8,5
1339,2017-08-22,12,8,5
1340,2017-08-23,14,8,5
1341,2017-08-24,8,5,5
1342,2017-08-25,5,5,8
1343,2017-08-26,5,8,8
1344,2017-08-27,10,8,15
1345,2017-08-28,8,15,30
1346,2017-08-29,20,30,35
1347,2017-08-30,30,35,20
1348,2017-08-31,24,16,12
1349,2017-09-01,16,12,10
1350,2017-09-02,15,10,8
1351,2017-09-03,10,8,5
1352,2017-09-04,10,5,5
1353,2017-09-05,40,48,24
1354,2017-09-06,45,65,50
1355,2017-09-07,65,50,30
1356,2017-09-08,30,10,8
1357,2017-09-09,8,8,5
1358,2017-09-10,7,12,30
1359,2017-09-11,12,36,32
1360,2017-09-12,36,32,30
1361,2017-09-13,28,26,20
1362,2017-09-14,30,20,12
1363,2017-09-15,25,15,15
1364,2017-09-16,20,15,12
1365,2017-09-17,15,12,10
1366,2017-09-18,14,12,8
1367,2017-09-19,12,8,5
1368,2017-09-20,8,5,8
1369,2017-09-21,5,8,12
1370,2017-09-22,8,12,16
1371,2017-09-23,12,16,8
1372,2017-09-24,16,8,25
1373,2017-09-25,5,25,32
1374,2017-09-26,28,32,24
1375,2017-09-27,32,26,14
1376,2017-09-28,28,18,14
1377,2017-09-29,16,14,12
1378,2017-09-30,14,12,8
1379,2017-10-01,8,5,5
1380,2017-10-02,5,5,5
1381,2017-10-03,5,5,5
1382,2017-10-04,5,5,10
1383,2017-10-05,5,10,12
1384,2017-10-06,10,12,8
1385,2017-10-07,5,5,8
1386,2017-10-08,5,8,25
1387,2017-10-09,8,25,30
1388,2017-10-10,30,30,35
1389,2017-10-11,30,35,25
1390,2017-10-12,35,25,20
1391,2017-10-13,35,20,10
1392,2017-10-14,20,10,8
1393,2017-10-15,18,10,12
1394,2017-10-16,10,12,12
1395,2017-10-17,8,8,5
1396,2017-10-18,5,5,10
1397,2017-10-19,8,8,10
1398,2017-10-20,10,10,5
1399,2017-10-21,10,5,18
1400,2017-10-22,5,18,45
1401,2017-10-23,22,45,35
1402,2017-10-24,40,30,18
1403,2017-10-25,24,16,12
1404,2017-10-26,16,12,8
1405,2017-10-27,8,5,5
1406,2017-10-28,5,5,5
1407,2017-10-29,5,5,5
1408,2017-10-30,5,6,15
1409,2017-10-31,8,14,12
1410,2017-11-01,12,8,6
1411,2017-11-02,8,5,5
1412,2017-11-03,8,5,8
1413,2017-11-04,5,10,27
1414,2017-11-05,10,27,30
1415,2017-11-06,28,30,36
1416,2017-11-07,32,36,28
1417,2017-11-08,38,30,26
1418,2017-11-09,28,24,12
1419,2017-11-10,20,10,8
1420,2017-11-11,8,8,15
1421,2017-11-12,5,15,18
1422,2017-11-13,16,18,12
1423,2017-11-14,15,12,15
1424,2017-11-15,12,14,12
1425,2017-11-16,14,10,15
1426,2017-11-17,8,18,18
1427,2017-11-18,18,18,18
1428,2017-11-19,18,18,15
1429,2017-11-20,18,15,8
1430,2017-11-21,18,8,5
1431,2017-11-22,8,5,5
1432,2017-11-23,8,5,5
1433,2017-11-24,10,5,15
1434,2017-11-25,5,15,12
1435,2017-11-26,15,12,20
1436,2017-11-27,10,24,16
1437,2017-11-28,24,16,8
1438,2017-11-29,10,6,5
1439,2017-11-30,5,5,5
1440,2017-12-01,5,5,32
1441,2017-12-02,5,32,48
1442,2017-12-03,32,48,18
1443,2017-12-04,34,18,12
1444,2017-12-05,18,12,8
1445,2017-12-06,12,8,5
1446,2017-12-07,8,5,5
1447,2017-12-08,5,5,14
1448,2017-12-09,5,14,16
1449,2017-12-10,14,16,14
1450,2017-12-11,16,14,8
1451,2017-12-12,12,8,5
1452,2017-12-13,8,5,5
1453,2017-12-14,5,5,12
1454,2017-12-15,5,12,26
1455,2017-12-16,12,26,22
1456,2017-12-17,22,20,16
1457,2017-12-18,15,12,8
1458,2017-12-19,5,5,8
1459,2017-12-20,5,8,8
1460,2017-12-21,8,8,5
1461,2017-12-22,5,12,12
1462,2017-12-23,12,12,8
1463,2017-12-24,12,8,5
1464,2017-12-25,8,5,5
1465,2017-12-26,10,8,5
1466,2017-12-27,6,5,5
1467,2017-12-28,5,5,10
1468,2017-12-29,5,10,25
1469,2017-12-30,10,25,15
1470,2017-12-31,25,15,8
1471,2018-01-01,10,6,5
1472,2018-01-02,5,5,5
1473,2018-01-03,5,5,5
1474,2018-01-04,5,5,8
1475,2018-01-05,5,8,12
1476,2018-01-06,8,12,8
1477,2018-01-07,12,8,5
1478,2018-01-08,10,6,6
1479,2018-01-09,6,6,5
1480,2018-01-10,5,5,14
1481,2018-01-11,5,15,12
1482,2018-01-12,15,12,8
1483,2018-01-13,15,10,5
1484,2018-01-14,10,5,5
1485,2018-01-15,5,5,5
1486,2018-01-16,5,5,8
1487,2018-01-17,5,8,15
1488,2018-01-18,8,15,12
1489,2018-01-19,15,12,10
1490,2018-01-20,12,10,10
1491,2018-01-21,10,10,8
1492,2018-01-22,8,5,5
1493,2018-01-23,5,5,5
1494,2018-01-24,8,8,8
1495,2018-01-25,8,8,5
1496,2018-01-26,8,5,8
1497,2018-01-27,5,8,10
1498,2018-01-28,8,8,8
1499,2018-01-29,8,8,5
1500,2018-01-30,8,5,5
1501,2018-01-31,6,5,5
1502,2018-02-01,5,5,10
1503,2018-02-02,5,10,8
1504,2018-02-03,10,8,5
1505,2018-02-04,8,5,5
1506,2018-02-05,8,5,5
1507,2018-02-06,5,8,10
1508,2018-02-07,8,10,8
1509,2018-02-08,8,5,5
1510,2018-02-09,5,5,5
1511,2018-02-10,5,5,5
1512,2018-02-11,5,5,5
1513,2018-02-12,5,8,28
1514,2018-02-13,12,28,20
1515,2018-02-14,28,20,15
1516,2018-02-15,18,12,10
1517,2018-02-16,14,12,8
1518,2018-02-17,12,10,12
1519,2018-02-18,14,12,8
1520,2018-02-19,12,8,8
1521,2018-02-20,8,12,8
1522,2018-02-21,8,8,8
1523,2018-02-22,12,8,8
1524,2018-02-23,10,14,24
1525,2018-02-24,14,24,8
1526,2018-02-25,24,12,5
1527,2018-02-26,12,8,5
1528,2018-02-27,12,8,5
1529,2018-02-28,5,5,5
1530,2018-03-01,5,5,8
1531,2018-03-02,5,8,5
1532,2018-03-03,8,5,5
1533,2018-03-04,5,5,5
1534,2018-03-05,5,5,8
1535,2018-03-06,5,8,12
1536,2018-03-07,8,12,10
1537,2018-03-08,12,10,5
1538,2018-03-09,8,5,5
1539,2018-03-10,12,5,5
1540,2018-03-11,,,
1541,2018-03-12,8,18,18
1542,2018-03-13,18,18,14
1543,2018-03-14,18,15,15
1544,2018-03-15,15,15,15
1545,2018-03-16,15,15,10
1546,2018-03-17,12,8,12
1547,2018-03-18,21,12,18
1548,2018-03-19,12,18,20
1549,2018-03-20,16,20,18
1550,2018-03-21,18,16,18
1551,2018-03-22,8,22,24
1552,2018-03-23,25,25,18
1553,2018-03-24,25,18,8
1554,2018-03-25,18,10,5
1555,2018-03-26,10,5,15
1556,2018-03-27,5,15,12
1557,2018-03-28,15,12,8
1558,2018-03-29,10,8,5
1559,2018-03-30,8,5,5
1560,2018-03-31,5,5,5
1561,2018-04-01,5,5,5
1562,2018-04-02,5,5,8
1563,2018-04-03,5,8,8
1564,2018-04-04,10,8,5
1565,2018-04-05,8,5,5
1566,2018-04-06,5,5,5
1567,2018-04-07,5,5,15
1568,2018-04-08,8,18,18
1569,2018-04-09,18,18,15
1570,2018-04-10,20,18,15
1571,2018-04-11,18,15,15
1572,2018-04-12,15,12,8
1573,2018-04-13,8,5,5
1574,2018-04-14,5,5,5
1575,2018-04-15,5,5,5
1576,2018-04-16,5,5,12
1577,2018-04-17,8,12,10
1578,2018-04-18,12,10,5
1579,2018-04-19,15,12,8
1580,2018-04-20,25,10,5
1581,2018-04-21,10,5,5
1582,2018-04-22,5,5,5
1583,2018-04-23,5,5,8
1584,2018-04-24,5,8,12
1585,2018-04-25,8,12,5
1586,2018-04-26,12,5,5
1587,2018-04-27,5,5,5
1588,2018-04-28,5,5,5
1589,2018-04-29,5,5,5
1590,2018-04-30,5,5,5
1591,2018-05-01,5,5,5
1592,2018-05-02,5,5,5
1593,2018-05-03,5,5,22
1594,2018-05-04,5,22,20
1595,2018-05-05,24,20,16
1596,2018-05-06,20,16,12
1597,2018-05-07,16,12,8
1598,2018-05-08,12,8,5
1599,2018-05-09,12,5,5
1600,2018-05-10,8,5,5
1601,2018-05-11,10,5,5
1602,2018-05-12,8,5,5
1603,2018-05-13,5,5,5
1604,2018-05-14,5,5,18
1605,2018-05-15,8,18,14
1606,2018-05-16,18,14,8
1607,2018-05-17,12,8,5
1608,2018-05-18,5,5,5
1609,2018-05-19,5,5,5
1610,2018-05-20,5,5,15
1611,2018-05-21,12,12,8
1612,2018-05-22,12,12,8
1613,2018-05-23,10,8,5
1614,2018-05-24,5,5,5
1615,2018-05-25,5,5,8
1616,2018-05-26,5,8,8
1617,2018-05-27,8,8,5
1618,2018-05-28,6,5,5
1619,2018-05-29,5,5,16
1620,2018-05-30,5,16,26
1621,2018-05-31,25,25,15
1622,2018-06-01,25,15,12
1623,2018-06-02,12,10,8
1624,2018-06-03,10,8,5
1625,2018-06-04,8,5,5
1626,2018-06-05,5,5,5
1627,2018-06-06,8,5,5
1628,2018-06-07,5,5,5
1629,2018-06-08,5,5,5
1630,2018-06-09,5,5,8
1631,2018-06-10,5,8,8
1632,2018-06-11,8,8,5
1633,2018-06-12,8,5,5
1634,2018-06-13,5,5,5
1635,2018-06-14,5,5,5
1636,2018-06-15,5,5,8
1637,2018-06-16,5,8,8
1638,2018-06-17,8,8,5
1639,2018-06-18,10,8,5
1640,2018-06-19,8,5,5
1641,2018-06-20,5,5,5
1642,2018-06-21,5,5,12
1643,2018-06-22,5,10,8
1644,2018-06-23,12,8,5
1645,2018-06-24,8,10,25
1646,2018-06-25,12,25,18
1647,2018-06-26,20,15,10
1648,2018-06-27,10,8,5
1649,2018-06-28,8,8,8
1650,2018-06-29,8,8,8
1651,2018-06-30,8,8,5
1652,2018-07-01,5,5,5
1653,2018-07-02,5,5,5
1654,2018-07-03,5,5,5
1655,2018-07-04,5,5,5
1656,2018-07-05,10,5,5
1657,2018-07-06,5,5,8
1658,2018-07-07,5,12,8
1659,2018-07-08,12,8,5
1660,2018-07-09,12,8,5
1661,2018-07-10,8,5,5
1662,2018-07-11,5,5,5
1663,2018-07-12,5,5,8
1664,2018-07-13,5,8,8
1665,2018-07-14,8,8,5
1666,2018-07-15,8,5,5
1667,2018-07-16,5,5,5
1668,2018-07-17,5,5,15
1669,2018-07-18,5,15,8
1670,2018-07-19,15,8,12
1671,2018-07-20,8,8,10
1672,2018-07-21,8,10,25
1673,2018-07-22,10,25,15
1674,2018-07-23,20,15,10
1675,2018-07-24,15,10,10
1676,2018-07-25,5,5,5
1677,2018-07-26,5,5,5
1678,2018-07-27,5,5,5
1679,2018-07-28,5,5,5
1680,2018-07-29,5,5,5
1681,2018-07-30,5,5,5
1682,2018-07-31,5,5,5
1683,2018-08-01,5,5,8
1684,2018-08-02,8,10,10
1685,2018-08-03,8,10,10
1686,2018-08-04,10,10,12
1687,2018-08-05,8,12,12
1688,2018-08-06,8,5,5
1689,2018-08-07,8,5,8
1690,2018-08-08,5,8,12
1691,2018-08-09,5,5,8
1692,2018-08-10,5,8,10
1693,2018-08-11,12,8,5
1694,2018-08-12,8,5,5
1695,2018-08-13,5,12,15
1696,2018-08-14,12,15,8
1697,2018-08-15,15,10,5
1698,2018-08-16,10,5,5
1699,2018-08-17,8,5,20
1700,2018-08-18,8,20,18
1701,2018-08-19,20,18,12
1702,2018-08-20,18,12,12
1703,2018-08-21,10,8,8
1704,2018-08-22,5,10,12
1705,2018-08-23,8,12,8
1706,2018-08-24,12,8,5
1707,2018-08-25,18,5,5
1708,2018-08-26,16,8,8
1709,2018-08-27,10,8,8
1710,2018-08-28,8,8,5
1711,2018-08-29,8,5,5
1712,2018-08-30,5,5,5
1713,2018-08-31,5,5,8
1714,2018-09-01,5,8,5
1715,2018-09-02,8,5,5
1716,2018-09-03,5,5,7
1717,2018-09-04,5,8,12
1718,2018-09-05,8,12,10
1719,2018-09-06,12,10,5
1720,2018-09-07,10,5,5
1721,2018-09-08,5,12,25
1722,2018-09-09,12,35,15
1723,2018-09-10,35,15,12
1724,2018-09-11,16,12,12
1725,2018-09-12,12,8,5
1726,2018-09-13,8,8,10
1727,2018-09-14,10,16,12
1728,2018-09-15,16,12,8
1729,2018-09-16,16,8,5
1730,2018-09-17,10,5,5
1731,2018-09-18,5,5,5
1732,2018-09-19,5,5,16
1733,2018-09-20,5,10,22
1734,2018-09-21,10,22,16
1735,2018-09-22,24,16,8
1736,2018-09-23,15,10,8
1737,2018-09-24,10,8,5
1738,2018-09-25,8,5,5
1739,2018-09-26,5,5,5
1740,2018-09-27,5,5,5
1741,2018-09-28,5,5,12
1742,2018-09-29,5,12,8
1743,2018-09-30,12,8,5
1744,2018-10-01,12,8,8
1745,2018-10-02,8,8,8
1746,2018-10-03,8,8,5
1747,2018-10-04,5,5,20
1748,2018-10-05,5,24,35
1749,2018-10-06,24,35,15
1750,2018-10-07,35,15,15
1751,2018-10-08,15,12,10
1752,2018-10-09,12,10,8
1753,2018-10-10,12,8,5
1754,2018-10-11,8,5,12
1755,2018-10-12,5,12,8
1756,2018-10-13,20,12,5
1757,2018-10-14,10,5,5
1758,2018-10-15,8,5,12
1759,2018-10-16,5,8,18
1760,2018-10-17,8,18,10
1761,2018-10-18,18,10,8
1762,2018-10-19,15,8,5
1763,2018-10-20,5,5,5
1764,2018-10-21,6,5,12
1765,2018-10-22,5,12,8
1766,2018-10-23,12,8,8
1767,2018-10-24,8,8,5
1768,2018-10-25,5,5,5
1769,2018-10-26,5,5,8
1770,2018-10-27,5,8,12
1771,2018-10-28,8,12,10
1772,2018-10-29,12,10,5
1773,2018-10-30,8,5,5
1774,2018-10-31,5,5,23
1775,2018-11-01,5,25,20
1776,2018-11-02,25,20,15
1777,2018-11-03,20,15,12
1778,2018-11-04,20,12,8
1779,2018-11-05,15,8,5
1780,2018-11-06,8,5,16
1781,2018-11-07,5,16,18
1782,2018-11-08,16,18,12
1783,2018-11-09,20,15,12
1784,2018-11-10,12,10,8
1785,2018-11-11,12,10,8
1786,2018-11-12,8,5,5
1787,2018-11-13,5,5,5
1788,2018-11-14,5,5,5
1789,2018-11-15,5,5,8
1790,2018-11-16,5,8,8
1791,2018-11-17,8,8,8
1792,2018-11-18,8,8,10
1793,2018-11-19,8,10,5
1794,2018-11-20,8,5,5
1795,2018-11-21,5,5,5
1796,2018-11-22,5,5,8
1797,2018-11-23,5,8,8
1798,2018-11-24,8,8,8
1799,2018-11-25,8,8,5
1800,2018-11-26,8,5,5
1801,2018-11-27,5,5,5
1802,2018-11-28,5,5,24
1803,2018-11-29,5,24,28
1804,2018-11-30,24,28,12
1805,2018-12-01,28,12,10
1806,2018-12-02,12,10,12
1807,2018-12-03,12,20,8
1808,2018-12-04,20,8,8
1809,2018-12-05,8,8,8
1810,2018-12-06,10,8,8
1811,2018-12-07,12,8,5
1812,2018-12-08,12,10,5
1813,2018-12-09,8,5,8
1814,2018-12-10,5,8,8
1815,2018-12-11,5,5,5
1816,2018-12-12,5,5,5
1817,2018-12-13,5,5,8
1818,2018-12-14,5,8,8
1819,2018-12-15,8,8,5
1820,2018-12-16,8,5,5
1821,2018-12-17,5,8,5
1822,2018-12-18,8,5,5
1823,2018-12-19,5,5,5
1824,2018-12-20,8,5,5
1825,2018-12-21,5,5,8
1826,2018-12-22,5,8,5
1827,2018-12-23,8,5,5
1828,2018-12-24,5,5,5
1829,2018-12-25,5,5,8
1830,2018-12-26,5,8,12
1831,2018-12-27,8,12,8
1832,2018-12-28,15,10,8
1833,2018-12-29,10,10,8
1834,2018-12-30,10,5,5
1835,2018-12-31,5,5,5
1836,2019-01-01,5,5,12
1837,2019-01-02,5,14,20
1838,2019-01-03,15,24,15
1839,2019-01-04,24,15,8
1840,2019-01-05,12,8,5
1841,2019-01-06,8,5,5
1842,2019-01-07,5,5,5
1843,2019-01-08,5,5,5
1844,2019-01-09,5,5,8
1845,2019-01-10,5,8,8
1846,2019-01-11,8,8,8
1847,2019-01-12,5,5,8
1848,2019-01-13,5,8,8
1849,2019-01-14,8,8,5
1850,2019-01-15,8,6,5
1851,2019-01-16,5,5,5
1852,2019-01-17,6,5,5
1853,2019-01-18,5,5,5
1854,2019-01-19,5,5,5
1855,2019-01-20,5,5,18
1856,2019-01-21,5,18,24
1857,2019-01-22,18,24,18
1858,2019-01-23,24,18,10
1859,2019-01-24,18,10,5
1860,2019-01-25,10,5,5
1861,2019-01-26,5,5,5
1862,2019-01-27,5,5,5
1863,2019-01-28,5,8,12
1864,2019-01-29,8,12,18
1865,2019-01-30,20,18,10
1866,2019-01-31,18,12,10
1867,2019-02-01,16,12,8
1868,2019-02-02,12,8,12
1869,2019-02-03,8,12,8
1870,2019-02-04,12,8,5
1871,2019-02-05,8,8,14
1872,2019-02-06,10,15,12
1873,2019-02-07,15,12,8
1874,2019-02-08,15,8,5
1875,2019-02-09,12,5,8
1876,2019-02-10,5,8,8
1877,2019-02-11,8,14,10
1878,2019-02-12,8,10,8
1879,2019-02-13,12,8,5
1880,2019-02-14,8,5,5
1881,2019-02-15,5,5,5
1882,2019-02-16,5,5,12
1883,2019-02-17,5,12,16
1884,2019-02-18,12,16,12
1885,2019-02-19,12,16,10
1886,2019-02-20,15,10,8
1887,2019-02-21,10,8,5
1888,2019-02-22,8,5,5
1889,2019-02-23,5,5,5
1890,2019-02-24,5,5,18
1891,2019-02-25,8,18,24
1892,2019-02-26,18,24,16
1893,2019-02-27,24,16,12
1894,2019-02-28,20,14,10
1895,2019-03-01,15,12,10
1896,2019-03-02,12,10,8
1897,2019-03-03,10,8,5
1898,2019-03-04,6,5,10
1899,2019-03-05,5,10,14
1900,2019-03-06,10,12,10
1901,2019-03-07,12,10,8
1902,2019-03-08,8,8,30
1903,2019-03-09,8,30,18
1904,2019-03-10,,,
1905,2019-03-11,12,15,12
1906,2019-03-12,12,10,12
1907,2019-03-13,10,12,8
1908,2019-03-14,12,8,8
1909,2019-03-15,8,8,5
1910,2019-03-16,8,5,5
1911,2019-03-17,8,5,10
1912,2019-03-18,5,10,5
1913,2019-03-19,10,5,5
1914,2019-03-20,5,5,30
1915,2019-03-21,5,24,25
1916,2019-03-22,24,25,5
1917,2019-03-23,25,12,5
1918,2019-03-24,15,8,12
1919,2019-03-25,8,14,16
1920,2019-03-26,12,18,12
1921,2019-03-27,18,12,8
1922,2019-03-28,12,8,8
1923,2019-03-29,8,8,8
1924,2019-03-30,8,8,8
1925,2019-03-31,10,8,10
1926,2019-04-01,8,10,10
1927,2019-04-02,8,10,10
1928,2019-04-03,12,10,10
1929,2019-04-04,12,10,12
1930,2019-04-05,10,12,10
1931,2019-04-06,12,10,8
1932,2019-04-07,5,5,5
1933,2019-04-08,12,8,8
1934,2019-04-09,10,8,8
1935,2019-04-10,14,12,8
1936,2019-04-11,12,12,5
1937,2019-04-12,12,5,5
1938,2019-04-13,5,5,5
1939,2019-04-14,5,5,5
1940,2019-04-15,5,5,5
1941,2019-04-16,5,5,5
1942,2019-04-17,5,5,5
1943,2019-04-18,5,5,5
1944,2019-04-19,5,5,5
1945,2019-04-20,5,5,8
1946,2019-04-21,5,8,8
1947,2019-04-22,5,8,15
1948,2019-04-23,12,15,10
1949,2019-04-24,15,10,5
1950,2019-04-25,10,5,10
1951,2019-04-26,8,8,8
1952,2019-04-27,8,8,8
1953,2019-04-28,8,8,8
1954,2019-04-29,5,10,15
1955,2019-04-30,10,15,10
1956,2019-05-01,15,10,5
1957,2019-05-02,10,5,5
1958,2019-05-03,5,5,8
1959,2019-05-04,8,12,14
1960,2019-05-05,12,14,8
1961,2019-05-06,12,8,8
1962,2019-05-07,8,5,5
1963,2019-05-08,5,5,14
1964,2019-05-09,5,14,12
1965,2019-05-10,14,12,5
1966,2019-05-11,16,8,5
1967,2019-05-12,5,5,25
1968,2019-05-13,5,24,30
1969,2019-05-14,28,32,20
1970,2019-05-15,28,20,8
1971,2019-05-16,20,8,5
1972,2019-05-17,5,5,8
1973,2019-05-18,5,8,8
1974,2019-05-19,8,8,8
1975,2019-05-20,8,8,5
1976,2019-05-21,8,5,5
1977,2019-05-22,5,5,8
1978,2019-05-23,5,8,5
1979,2019-05-24,8,5,5
1980,2019-05-25,5,5,12
1981,2019-05-26,5,12,18
1982,2019-05-27,12,16,12
1983,2019-05-28,16,12,8
1984,2019-05-29,10,8,5
1985,2019-05-30,8,8,5
1986,2019-05-31,6,5,8
1987,2019-06-01,5,8,8
1988,2019-06-02,8,8,8
1989,2019-06-03,8,8,5
1990,2019-06-04,8,5,5
1991,2019-06-05,5,8,10
1992,2019-06-06,8,10,8
1993,2019-06-07,10,8,5
1994,2019-06-08,20,10,8
1995,2019-06-09,8,10,15
1996,2019-06-10,10,15,8
1997,2019-06-11,15,8,5
1998,2019-06-12,12,8,5
1999,2019-06-13,8,10,10
2000,2019-06-14,5,5,12
2001,2019-06-15,8,12,12
2002,2019-06-16,12,12,12
2003,2019-06-17,12,10,8
2004,2019-06-18,8,5,5
2005,2019-06-19,5,5,5
2006,2019-06-20,8,5,5
2007,2019-06-21,5,5,5
2008,2019-06-22,5,5,12
2009,2019-06-23,8,12,10
2010,2019-06-24,12,10,5
2011,2019-06-25,8,5,5
2012,2019-06-26,8,5,5
2013,2019-06-27,5,5,5
2014,2019-06-28,5,5,8
2015,2019-06-29,5,5,5
2016,2019-06-30,5,5,5
2017,2019-07-01,5,5,8
2018,2019-07-02,5,8,18
2019,2019-07-03,8,18,10
2020,2019-07-04,18,10,5
2021,2019-07-05,8,5,5
2022,2019-07-06,5,5,10
2023,2019-07-07,5,12,15
2024,2019-07-08,12,15,12
2025,2019-07-09,12,8,5
2026,2019-07-10,10,8,5
2027,2019-07-11,8,5,5
2028,2019-07-12,5,5,10
2029,2019-07-13,5,10,12
2030,2019-07-14,10,12,8
2031,2019-07-15,8,8,5
2032,2019-07-16,6,5,5
2033,2019-07-17,5,5,5
2034,2019-07-18,5,5,5
2035,2019-07-19,8,5,8
2036,2019-07-20,5,5,8
2037,2019-07-21,5,8,8
2038,2019-07-22,8,8,5
2039,2019-07-23,8,5,8
2040,2019-07-24,5,8,6
2041,2019-07-25,8,8,8
2042,2019-07-26,8,8,5
2043,2019-07-27,8,5,5
2044,2019-07-28,5,5,8
2045,2019-07-29,5,8,15
2046,2019-07-30,,,
2047,2019-07-31,8,5,5
2048,2019-08-01,5,5,8
2049,2019-08-02,5,12,25
2050,2019-08-03,12,25,20
2051,2019-08-04,25,25,15
2052,2019-08-05,25,15,8
2053,2019-08-06,14,8,5
2054,2019-08-07,5,5,6
2055,2019-08-08,5,8,8
2056,2019-08-09,8,8,5
2057,2019-08-10,8,5,5
2058,2019-08-11,8,5,5
2059,2019-08-12,5,5,5
2060,2019-08-13,5,5,8
2061,2019-08-14,5,8,5
2062,2019-08-15,8,5,6
2063,2019-08-16,5,5,8
2064,2019-08-17,5,5,8
2065,2019-08-18,5,7,7
2066,2019-08-19,7,7,6
2067,2019-08-20,6,5,5
2068,2019-08-21,5,5,5
2069,2019-08-22,5,5,5
2070,2019-08-23,5,5,10
2071,2019-08-24,5,10,16
2072,2019-08-25,10,16,8
2073,2019-08-26,14,8,5
2074,2019-08-27,8,5,8
2075,2019-08-28,5,8,20
2076,2019-08-29,8,20,34
2077,2019-08-30,35,30,18
2078,2019-08-31,28,15,8
2079,2019-09-01,24,8,5
2080,2019-09-02,10,5,5
2081,2019-09-03,8,5,8
2082,2019-09-04,8,8,8
2083,2019-09-05,8,8,8
2084,2019-09-06,8,8,5
2085,2019-09-07,8,5,5
2086,2019-09-08,5,5,5
2087,2019-09-09,8,5,5
2088,2019-09-10,5,5,5
2089,2019-09-11,5,5,5
2090,2019-09-12,5,5,5
2091,2019-09-13,8,8,8
2092,2019-09-14,6,6,8
2093,2019-09-15,6,8,10
2094,2019-09-16,8,10,5
2095,2019-09-17,10,5,5
2096,2019-09-18,5,5,5
2097,2019-09-19,5,5,8
2098,2019-09-20,5,5,12
2099,2019-09-21,5,12,10
2100,2019-09-22,12,12,12
2101,2019-09-23,12,12,8
2102,2019-09-24,12,8,20
2103,2019-09-25,8,28,45
2104,2019-09-26,28,45,20
2105,2019-09-27,45,20,12
2106,2019-09-28,20,12,10
2107,2019-09-29,10,8,8
2108,2019-09-30,8,8,12
2109,2019-10-01,10,12,8
2110,2019-10-02,12,8,5
2111,2019-10-03,8,8,5
2112,2019-10-04,8,5,5
2113,2019-10-05,5,5,8
2114,2019-10-06,5,8,8
2115,2019-10-07,0,0,0
2116,2019-10-08,8,5,5
2117,2019-10-09,5,5,5
2118,2019-10-10,5,5,8
2119,2019-10-11,5,8,8
2120,2019-10-12,8,8,8
2121,2019-10-13,8,8,5
2122,2019-10-14,8,5,5
2123,2019-10-15,5,5,5
2124,2019-10-16,5,5,5
2125,2019-10-17,5,5,5
2126,2019-10-18,5,5,12
2127,2019-10-19,5,12,8
2128,2019-10-20,12,8,5
2129,2019-10-21,8,5,20
2130,2019-10-22,5,20,25
2131,2019-10-23,22,30,15
2132,2019-10-24,30,15,15
2133,2019-10-25,22,18,15
2134,2019-10-26,18,15,12
2135,2019-10-27,12,12,12
2136,2019-10-28,8,10,8
2137,2019-10-29,10,8,8
2138,2019-10-30,8,8,5
2139,2019-10-31,8,5,5
2140,2019-11-01,5,5,5
2141,2019-11-02,5,5,8
2142,2019-11-03,5,8,10
2143,2019-11-04,8,8,8
2144,2019-11-05,8,8,5
2145,2019-11-06,8,5,5
2146,2019-11-07,5,5,10
2147,2019-11-08,5,10,15
2148,2019-11-09,10,15,8
2149,2019-11-10,15,8,5
2150,2019-11-11,10,5,5
2151,2019-11-12,5,5,5
2152,2019-11-13,5,5,12
2153,2019-11-14,5,12,8
2154,2019-11-15,12,8,5
2155,2019-11-16,8,5,5
2156,2019-11-17,5,8,15
2157,2019-11-18,8,16,20
2158,2019-11-19,16,20,18
2159,2019-11-20,20,16,10
2160,2019-11-21,16,10,8
2161,2019-11-22,10,8,8
2162,2019-11-23,8,8,8
2163,2019-11-24,8,8,8
2164,2019-11-25,10,8,8
2165,2019-11-26,8,8,8
2166,2019-11-27,5,5,5
2167,2019-11-28,5,5,5
2168,2019-11-29,5,5,5
2169,2019-11-30,5,5,8
2170,2019-12-01,5,8,8
2171,2019-12-02,5,5,5
2172,2019-12-03,5,5,5
2173,2019-12-04,5,5,5
2174,2019-12-05,5,5,8
2175,2019-12-06,5,8,8
2176,2019-12-07,8,8,5
2177,2019-12-08,8,5,5
2178,2019-12-09,5,5,5
2179,2019-12-10,5,5,5
2180,2019-12-11,5,5,8
2181,2019-12-12,5,5,5
2182,2019-12-13,5,5,5
2183,2019-12-14,5,5,5
2184,2019-12-15,5,5,12
2185,2019-12-16,,,
2186,2019-12-17,10,12,8
2187,2019-12-18,10,8,8
2188,2019-12-19,,,
2189,2019-12-20,5,5,5
2190,2019-12-21,5,5,5
2191,2019-12-22,5,5,8
2192,2019-12-23,5,8,8
2193,2019-12-24,8,8,5
2194,2019-12-25,8,5,5
2195,2019-12-26,5,5,5
2196,2019-12-27,5,5,8
2197,2019-12-28,5,8,8
2198,2019-12-29,8,8,8
2199,2019-12-30,8,8,5
2200,2019-12-31,,,
2201,2020-01-01,5,5,5
2202,2020-01-02,5,5,5
2203,2020-01-03,5,5,5
2204,2020-01-04,5,5,5
2205,2020-01-05,8,5,8
2206,2020-01-06,5,8,8
2207,2020-01-07,8,8,8
2208,2020-01-08,8,8,5
2209,2020-01-09,8,5,5
2210,2020-01-10,8,5,8
2211,2020-01-11,5,8,10
2212,2020-01-12,8,10,10
2213,2020-01-13,10,10,8
2214,2020-01-14,8,5,5
2215,2020-01-15,5,5,5
2216,2020-01-16,5,5,8
2217,2020-01-17,,,
2218,2020-01-18,10,12,12
2219,2020-01-19,12,12,10
2220,2020-01-20,10,8,5
2221,2020-01-21,10,8,5
2222,2020-01-22,5,5,5
2223,2020-01-23,5,5,5
2224,2020-01-24,5,5,5
2225,2020-01-25,5,5,5
2226,2020-01-26,5,5,10
2227,2020-01-27,5,10,10
2228,2020-01-28,10,8,5
2229,2020-01-29,8,5,5
2230,2020-01-30,8,5,5
2231,2020-01-31,10,5,5
2232,2020-02-01,6,6,6
2233,2020-02-02,5,5,5
2234,2020-02-03,5,5,12
2235,2020-02-04,5,12,8
2236,2020-02-05,12,8,5
2237,2020-02-06,12,8,5
2238,2020-02-07,8,5,5
2239,2020-02-08,5,5,12
2240,2020-02-09,5,12,10
2241,2020-02-10,12,10,5
2242,2020-02-11,5,5,5
2243,2020-02-12,5,5,5
2244,2020-02-13,5,5,5
2245,2020-02-14,5,5,10
2246,2020-02-15,5,10,8
2247,2020-02-16,10,8,10
2248,2020-02-17,8,10,8
2249,2020-02-18,22,18,8
2250,2020-02-19,18,8,5
2251,2020-02-20,5,5,5
2252,2020-02-21,8,5,5
2253,2020-02-22,8,8,8
2254,2020-02-23,8,8,12
2255,2020-02-24,5,8,8
2256,2020-02-25,8,5,5
2257,2020-02-26,,,
2258,2020-02-27,5,8,12
2259,2020-02-28,10,12,12
2260,2020-02-29,12,12,8
2261,2020-03-01,12,10,8
2262,2020-03-02,8,8,8
2263,2020-03-03,8,8,5
2264,2020-03-04,8,5,5
2265,2020-03-05,6,8,8
2266,2020-03-06,8,8,8
2267,2020-03-07,5,5,8
2268,2020-03-08,,,
2269,2020-03-09,8,8,5
2270,2020-03-10,8,5,5
2271,2020-03-11,5,5,5
2272,2020-03-12,5,5,5
2273,2020-03-13,5,5,5
2274,2020-03-14,5,5,5
2275,2020-03-15,5,5,5
2276,2020-03-16,8,8,8
2277,2020-03-17,8,8,5
2278,2020-03-18,8,5,5
2279,2020-03-19,8,8,8
2280,2020-03-20,8,5,5
2281,2020-03-21,8,8,5
2282,2020-03-22,8,5,5
2283,2020-03-23,,,
2284,2020-03-24,5,5,5
2285,2020-03-25,5,5,5
2286,2020-03-26,5,5,5
2287,2020-03-27,5,5,12
2288,2020-03-28,5,12,12
2289,2020-03-29,12,12,8
2290,2020-03-30,12,8,8
2291,2020-03-31,12,8,8
2292,2020-04-01,8,8,5
2293,2020-04-02,8,5,8
2294,2020-04-03,5,8,5
2295,2020-04-04,8,5,5
2296,2020-04-05,5,5,5
2297,2020-04-06,5,5,5
2298,2020-04-07,5,5,8
2299,2020-04-08,8,8,12
2300,2020-04-09,8,12,5
2301,2020-04-10,12,5,5
2302,2020-04-11,8,5,5
2303,2020-04-12,5,5,5
2304,2020-04-13,5,5,5
2305,2020-04-14,5,5,5
2306,2020-04-15,8,8,8
2307,2020-04-16,5,5,5
2308,2020-04-17,5,5,12
2309,2020-04-18,5,12,10
2310,2020-04-19,12,10,8
2311,2020-04-20,14,8,10
2312,2020-04-21,8,10,5
2313,2020-04-22,8,5,5
2314,2020-04-23,5,5,5
2315,2020-04-24,5,5,5
2316,2020-04-25,8,8,8
2317,2020-04-26,8,8,8
2318,2020-04-27,8,8,8
2319,2020-04-28,8,8,8
2320,2020-04-29,8,8,8
2321,2020-04-30,5,5,8
2322,2020-05-01,5,8,8
2323,2020-05-02,8,8,10
2324,2020-05-03,8,10,8
2325,2020-05-04,5,5,5
2326,2020-05-05,5,5,5
2327,2020-05-06,5,5,5
2328,2020-05-07,5,5,5
2329,2020-05-08,5,5,8
2330,2020-05-09,5,5,5
2331,2020-05-10,5,5,8
2332,2020-05-11,5,5,5
2333,2020-05-12,5,5,5
2334,2020-05-13,5,5,5
2335,2020-05-14,5,5,5
2336,2020-05-15,5,5,5
2337,2020-05-16,5,5,8
2338,2020-05-17,5,8,8
2339,2020-05-18,8,8,5
2340,2020-05-19,8,5,5
2341,2020-05-20,5,5,5
2342,2020-05-21,5,5,5
2343,2020-05-22,5,5,5
2344,2020-05-23,5,5,5
2345,2020-05-24,5,5,5
2346,2020-05-25,5,5,5
2347,2020-05-26,5,5,8
2348,2020-05-27,5,8,8
2349,2020-05-28,8,8,8
2350,2020-05-29,8,8,5
2351,2020-05-30,8,5,5
2352,2020-05-31,5,5,5
2353,2020-06-01,5,5,5
2354,2020-06-02,5,5,5
2355,2020-06-03,5,5,8
2356,2020-06-04,5,8,8
2357,2020-06-05,8,8,5
2358,2020-06-06,5,5,5
2359,2020-06-07,12,5,5
2360,2020-06-08,5,5,5
2361,2020-06-09,5,5,5
2362,2020-06-10,5,5,5
2363,2020-06-11,5,5,5
2364,2020-06-12,5,5,5
2365,2020-06-13,5,5,8
2366,2020-06-14,5,8,10
2367,2020-06-15,8,10,8
2368,2020-06-16,8,5,5
2369,2020-06-17,5,5,5
2370,2020-06-18,5,5,5
2371,2020-06-19,5,5,5
2372,2020-06-20,5,5,5
2373,2020-06-21,5,5,5
2374,2020-06-22,5,5,5
2375,2020-06-23,5,5,5
2376,2020-06-24,5,5,8
2377,2020-06-25,5,8,5
2378,2020-06-26,8,8,6
2379,2020-06-27,8,6,8
2380,2020-06-28,5,8,8
2381,2020-06-29,8,8,5
2382,2020-06-30,8,5,5
2383,2020-07-01,5,5,5
2384,2020-07-02,5,5,5
2385,2020-07-03,5,8,5
2386,2020-07-04,8,5,5
2387,2020-07-05,8,5,5
2388,2020-07-06,5,8,8
2389,2020-07-07,8,8,5
2390,2020-07-08,8,5,5
2391,2020-07-09,5,5,10
2392,2020-07-10,5,10,8
2393,2020-07-11,8,8,12
2394,2020-07-12,8,12,8
2395,2020-07-13,12,5,5
2396,2020-07-14,8,5,5
2397,2020-07-15,5,5,5
2398,2020-07-16,5,5,5
2399,2020-07-17,5,5,5
2400,2020-07-18,5,5,5
2401,2020-07-19,5,5,5
2402,2020-07-20,5,5,8
2403,2020-07-21,5,8,8
2404,2020-07-22,8,8,12
2405,2020-07-23,8,12,8
2406,2020-07-24,12,8,5
2407,2020-07-25,8,5,8
2408,2020-07-26,5,8,8
2409,2020-07-27,8,8,5
2410,2020-07-28,5,5,5
2411,2020-07-29,5,5,5
2412,2020-07-30,5,8,10
2413,2020-07-31,8,12,8
2414,2020-08-01,14,8,8
2415,2020-08-02,8,8,5
2416,2020-08-03,12,8,5
2417,2020-08-04,8,5,5
2418,2020-08-05,5,5,8
2419,2020-08-06,5,8,5
2420,2020-08-07,8,5,5
2421,2020-08-08,5,5,5
2422,2020-08-09,5,5,5
2423,2020-08-10,5,5,5
2424,2020-08-11,5,5,5
2425,2020-08-12,5,5,5
2426,2020-08-13,5,5,5
2427,2020-08-14,5,5,5
2428,2020-08-15,5,5,5
2429,2020-08-16,5,5,10
2430,2020-08-17,5,8,16
2431,2020-08-18,8,16,8
2432,2020-08-19,16,8,5
2433,2020-08-20,5,5,6
2434,2020-08-21,5,6,6
2435,2020-08-22,6,6,8
2436,2020-08-23,8,12,8
2437,2020-08-24,12,8,5
2438,2020-08-25,8,5,5
2439,2020-08-26,8,8,10
2440,2020-08-27,8,10,12
2441,2020-08-28,12,12,12
2442,2020-08-29,12,12,12
2443,2020-08-30,10,12,10
2444,2020-08-31,15,12,10
2445,2020-09-01,12,10,5
2446,2020-09-02,10,5,5
2447,2020-09-03,5,5,5
2448,2020-09-04,5,5,5
2449,2020-09-05,5,5,5
2450,2020-09-06,5,5,5
2451,2020-09-07,5,5,5
2452,2020-09-08,5,5,5
2453,2020-09-09,5,5,5
2454,2020-09-10,5,5,5
2455,2020-09-11,5,5,5
2456,2020-09-12,5,5,5
2457,2020-09-13,5,5,5
2458,2020-09-14,5,5,5
2459,2020-09-15,5,5,5
2460,2020-09-16,5,5,5
2461,2020-09-17,5,5,5
2462,2020-09-18,5,5,5
2463,2020-09-19,5,5,5
2464,2020-09-20,5,5,10
2465,2020-09-21,5,10,12
2466,2020-09-22,,,
2467,2020-09-23,,,
2468,2020-09-24,,,
2469,2020-09-25,,,
2470,2020-09-26,,,
2471,2020-09-27,,,
2472,2020-09-28,,,
2473,2020-09-29,,,
2474,2020-09-30,,,
2475,2020-10-01,,,
2476,2020-10-02,,,
2477,2020-10-03,,,
2478,2020-10-04,,,
2479,2020-10-05,,,
2480,2020-10-06,,,
2481,2020-10-07,,,
2482,2020-10-08,,,
2483,2020-10-09,,,
2484,2020-10-10,,,
2485,2020-10-11,,,
2486,2020-10-12,,,
2487,2020-10-13,,,
2488,2020-10-14,,,
2489,2020-10-15,,,
2490,2020-10-16,,,
2491,2020-10-17,,,
2492,2020-10-18,,,
2493,2020-10-19,,,
2494,2020-10-20,,,
2495,2020-10-21,,,
2496,2020-10-22,,,
2497,2020-10-23,,,
2498,2020-10-24,,,
2499,2020-10-25,,,
2500,2020-10-26,,,
2501,2020-10-27,,,
2502,2020-10-28,,,
2503,2020-10-29,,,
2504,2020-10-30,,,
2505,2020-10-31,,,
2506,2020-11-01,,,
2507,2020-11-02,,,
2508,2020-11-03,,,
2509,2020-11-04,,,
2510,2020-11-05,,,
2511,2020-11-06,,,
2512,2020-11-07,,,
2513,2020-11-08,,,
2514,2020-11-09,,,
2515,2020-11-10,,,
2516,2020-11-11,,,
2517,2020-11-12,,,
2518,2020-11-13,,,
2519,2020-11-14,,,
2520,2020-11-15,,,
2521,2020-11-16,,,
2522,2020-11-17,,,
2523,2020-11-18,,,
2524,2020-11-19,,,
2525,2020-11-20,,,
2526,2020-11-21,,,
2527,2020-11-22,,,
2528,2020-11-23,,,
2529,2020-11-24,,,
2530,2020-11-25,,,
2531,2020-11-26,,,
2532,2020-11-27,,,
2533,2020-11-28,,,
2534,2020-11-29,,,
2535,2020-11-30,,,
2536,2020-12-01,,,
2537,2020-12-02,,,
2538,2020-12-03,,,
2539,2020-12-04,,,
2540,2020-12-05,,,
2541,2020-12-06,,,
2542,2020-12-07,,,
2543,2020-12-08,,,
2544,2020-12-09,,,
2545,2020-12-10,,,
2546,2020-12-11,,,
2547,2020-12-12,,,
2548,2020-12-13,,,
2549,2020-12-14,,,
2550,2020-12-15,,,
2551,2020-12-16,,,
2552,2020-12-17,,,
2553,2020-12-18,,,
2554,2020-12-19,,,
2555,2020-12-20,,,
2556,2020-12-21,,,
2557,2020-12-22,,,
2558,2020-12-23,,,
2559,2020-12-24,,,
2560,2020-12-25,,,
2561,2020-12-26,,,
2562,2020-12-27,,,
2563,2020-12-28,,,
2564,2020-12-29,,,
2565,2020-12-30,,,
2566,2020-12-31,,,
2567,2021-01-01,,,
2568,2021-01-02,,,
2569,2021-01-03,,,
2570,2021-01-04,,,
2571,2021-01-05,,,
2572,2021-01-06,,,
2573,2021-01-07,,,
2574,2021-01-08,,,
2575,2021-01-09,,,
2576,2021-01-10,,,
2577,2021-01-11,,,
2578,2021-01-12,,,
2579,2021-01-13,,,
2580,2021-01-14,,,
2581,2021-01-15,,,
2582,2021-01-16,,,
2583,2021-01-17,,,
2584,2021-01-18,,,
2585,2021-01-19,,,
2586,2021-01-20,,,
2587,2021-01-21,,,
2588,2021-01-22,,,
2589,2021-01-23,,,
2590,2021-01-24,,,
2591,2021-01-25,,,
2592,2021-01-26,,,
2593,2021-01-27,,,
2594,2021-01-28,,,
2595,2021-01-29,,,
2596,2021-01-30,,,
2597,2021-01-31,,,
2598,2021-02-01,,,
2599,2021-02-02,,,
2600,2021-02-03,,,
2601,2021-02-04,,,
2602,2021-02-05,,,
2603,2021-02-06,,,
2604,2021-02-07,,,
2605,2021-02-08,,,
2606,2021-02-09,,,
2607,2021-02-10,,,
2608,2021-02-11,,,
2609,2021-02-12,,,
2610,2021-02-13,,,
2611,2021-02-14,,,
2612,2021-02-15,,,
2613,2021-02-16,,,
2614,2021-02-17,,,
2615,2021-02-18,,,
2616,2021-02-19,,,
2617,2021-02-20,,,
2618,2021-02-21,,,
2619,2021-02-22,,,
2620,2021-02-23,,,
2621,2021-02-24,,,
2622,2021-02-25,,,
2623,2021-02-26,,,
2624,2021-02-27,,,
2625,2021-02-28,,,
2626,2021-03-01,,,
2627,2021-03-02,,,
2628,2021-03-03,,,
2629,2021-03-04,,,
2630,2021-03-05,,,
2631,2021-03-06,,,
2632,2021-03-07,,,
2633,2021-03-08,,,
2634,2021-03-09,,,
2635,2021-03-10,,,
2636,2021-03-11,,,
2637,2021-03-12,,,
2638,2021-03-13,,,
2639,2021-03-14,,,
2640,2021-03-15,,,
2641,2021-03-16,,,
2642,2021-03-17,,,
2643,2021-03-18,,,
2644,2021-03-19,,,
2645,2021-03-20,,,
2646,2021-03-21,,,
2647,2021-03-22,,,
2648,2021-03-23,,,
2649,2021-03-24,,,
2650,2021-03-25,,,
2651,2021-03-26,,,
2652,2021-03-27,,,
2653,2021-03-28,,,
2654,2021-03-29,,,
2655,2021-03-30,,,
2656,2021-03-31,,,
2657,2021-04-01,,,
2658,2021-04-02,,,
2659,2021-04-03,,,
2660,2021-04-04,,,
2661,2021-04-05,,,
2662,2021-04-06,,,
2663,2021-04-07,,,
2664,2021-04-08,,,
2665,2021-04-09,,,
2666,2021-04-10,,,
2667,2021-04-11,,,
2668,2021-04-12,,,
2669,2021-04-13,,,
2670,2021-04-14,,,
2671,2021-04-15,,,
2672,2021-04-16,,,
2673,2021-04-17,,,
2674,2021-04-18,,,
2675,2021-04-19,,,
2676,2021-04-20,,,
2677,2021-04-21,,,
2678,2021-04-22,,,
2679,2021-04-23,,,
2680,2021-04-24,,,
2681,2021-04-25,,,
2682,2021-04-26,,,
2683,2021-04-27,,,
2684,2021-04-28,,,
2685,2021-04-29,,,
2686,2021-04-30,,,
2687,2021-05-01,,,
2688,2021-05-02,,,
2689,2021-05-03,,,
2690,2021-05-04,,,
2691,2021-05-05,,,
2692,2021-05-06,,,
2693,2021-05-07,,,
2694,2021-05-08,,,
2695,2021-05-09,,,
2696,2021-05-10,,,
2697,2021-05-11,,,
2698,2021-05-12,,,
2699,2021-05-13,,,
2700,2021-05-14,,,
2701,2021-05-15,,,
2702,2021-05-16,,,
2703,2021-05-17,,,
2704,2021-05-18,,,
2705,2021-05-19,,,
2706,2021-05-20,,,
2707,2021-05-21,,,
2708,2021-05-22,,,
2709,2021-05-23,,,
2710,2021-05-24,,,
2711,2021-05-25,,,
2712,2021-05-26,,,
2713,2021-05-27,,,
2714,2021-05-28,,,
2715,2021-05-29,,,
2716,2021-05-30,,,
2717,2021-05-31,,,
2718,2021-06-01,,,
2719,2021-06-02,,,
2720,2021-06-03,,,
2721,2021-06-04,,,
2722,2021-06-05,,,
2723,2021-06-06,,,
2724,2021-06-07,,,
2725,2021-06-08,,,
2726,2021-06-09,,,
2727,2021-06-10,,,
2728,2021-06-11,,,
2729,2021-06-12,,,
2730,2021-06-13,,,
2731,2021-06-14,,,
2732,2021-06-15,,,
2733,2021-06-16,,,
2734,2021-06-17,,,
2735,2021-06-18,,,
2736,2021-06-19,,,
2737,2021-06-20,,,
2738,2021-06-21,,,
2739,2021-06-22,,,
2740,2021-06-23,,,
2741,2021-06-24,,,
2742,2021-06-25,,,
2743,2021-06-26,,,
2744,2021-06-27,,,
2745,2021-06-28,,,
2746,2021-06-29,,,
2747,2021-06-30,,,
2748,2021-07-01,,,
2749,2021-07-02,,,
2750,2021-07-03,,,
2751,2021-07-04,,,
2752,2021-07-05,,,
2753,2021-07-06,,,
2754,2021-07-07,,,
2755,2021-07-08,,,
2756,2021-07-09,,,
2757,2021-07-10,,,
2758,2021-07-11,,,
2759,2021-07-12,,,
2760,2021-07-13,,,
2761,2021-07-14,,,
2762,2021-07-15,,,
2763,2021-07-16,,,
2764,2021-07-17,,,
2765,2021-07-18,,,
2766,2021-07-19,,,
2767,2021-07-20,,,
2768,2021-07-21,,,
2769,2021-07-22,,,
2770,2021-07-23,,,
2771,2021-07-24,,,
2772,2021-07-25,,,
2773,2021-07-26,,,
2774,2021-07-27,,,
2775,2021-07-28,,,
2776,2021-07-29,,,
2777,2021-07-30,,,
2778,2021-07-31,,,
2779,2021-08-01,,,
2780,2021-08-02,,,
2781,2021-08-03,,,
2782,2021-08-04,,,
2783,2021-08-05,,,
2784,2021-08-06,,,
2785,2021-08-07,,,
2786,2021-08-08,,,
2787,2021-08-09,,,
2788,2021-08-10,,,
2789,2021-08-11,,,
2790,2021-08-12,,,
2791,2021-08-13,,,
2792,2021-08-14,,,
2793,2021-08-15,,,
2794,2021-08-16,,,
2795,2021-08-17,,,
2796,2021-08-18,,,
2797,2021-08-19,,,
2798,2021-08-20,,,
2799,2021-08-21,,,
2800,2021-08-22,,,
2801,2021-08-23,,,
2802,2021-08-24,,,
2803,2021-08-25,,,
2804,2021-08-26,,,
2805,2021-08-27,,,
2806,2021-08-28,,,
2807,2021-08-29,,,
2808,2021-08-30,,,
2809,2021-08-31,,,
2810,2021-09-01,,,
2811,2021-09-02,,,
2812,2021-09-03,,,
2813,2021-09-04,,,
2814,2021-09-05,,,
2815,2021-09-06,,,
2816,2021-09-07,,,
2817,2021-09-08,,,
2818,2021-09-09,,,
2819,2021-09-10,,,
2820,2021-09-11,,,
2821,2021-09-12,,,
2822,2021-09-13,,,
2823,2021-09-14,,,
2824,2021-09-15,,,
2825,2021-09-16,,,
2826,2021-09-17,,,
2827,2021-09-18,,,
2828,2021-09-19,,,
2829,2021-09-20,,,
2830,2021-09-21,,,
2831,2021-09-22,,,
2832,2021-09-23,,,
2833,2021-09-24,,,
2834,2021-09-25,,,
2835,2021-09-26,,,
2836,2021-09-27,,,
2837,2021-09-28,,,
2838,2021-09-29,,,
2839,2021-09-30,,,
2840,2021-10-01,,,
2841,2021-10-02,,,
2842,2021-10-03,,,
2843,2021-10-04,,,
2844,2021-10-05,,,
2845,2021-10-06,,,
2846,2021-10-07,,,
2847,2021-10-08,,,
2848,2021-10-09,,,
2849,2021-10-10,,,
2850,2021-10-11,,,
2851,2021-10-12,,,
2852,2021-10-13,,,
2853,2021-10-14,,,
2854,2021-10-15,,,
2855,2021-10-16,,,
2856,2021-10-17,,,
2857,2021-10-18,,,
2858,2021-10-19,,,
2859,2021-10-20,,,
2860,2021-10-21,,,
2861,2021-10-22,,,
2862,2021-10-23,,,
2863,2021-10-24,,,
2864,2021-10-25,,,
2865,2021-10-26,,,
2866,2021-10-27,,,
2867,2021-10-28,,,
2868,2021-10-29,,,
2869,2021-10-30,,,
2870,2021-10-31,,,
2871,2021-11-01,,,
2872,2021-11-02,,,
2873,2021-11-03,,,
2874,2021-11-04,,,
2875,2021-11-05,,,
2876,2021-11-06,,,
2877,2021-11-07,,,
2878,2021-11-08,,,
2879,2021-11-09,,,
2880,2021-11-10,,,
2881,2021-11-11,,,
2882,2021-11-12,,,
2883,2021-11-13,,,
2884,2021-11-14,,,
2885,2021-11-15,,,
2886,2021-11-16,,,
2887,2021-11-17,,,
2888,2021-11-18,,,
2889,2021-11-19,,,
2890,2021-11-20,,,
2891,2021-11-21,,,
2892,2021-11-22,,,
2893,2021-11-23,,,
2894,2021-11-24,,,
2895,2021-11-25,,,
2896,2021-11-26,,,
2897,2021-11-27,,,
2898,2021-11-28,,,
2899,2021-11-29,,,
2900,2021-11-30,,,
2901,2021-12-01,,,
2902,2021-12-02,,,
2903,2021-12-03,,,
2904,2021-12-04,,,
2905,2021-12-05,,,
2906,2021-12-06,,,
2907,2021-12-07,,,
2908,2021-12-08,,,
2909,2021-12-09,,,
2910,2021-12-10,,,
2911,2021-12-11,,,
2912,2021-12-12,,,
2913,2021-12-13,,,
2914,2021-12-14,,,
2915,2021-12-15,,,
2916,2021-12-16,,,
2917,2021-12-17,,,
2918,2021-12-18,,,
2919,2021-12-19,,,
2920,2021-12-20,,,
2921,2021-12-21,,,
2922,2021-12-22,,,
2923,2021-12-23,,,
2924,2021-12-24,,,
2925,2021-12-25,,,
2926,2021-12-26,,,
2927,2021-12-27,,,
2928,2021-12-28,,,
2929,2021-12-29,,,
2930,2021-12-30,,,
2931,2021-12-31,,,
2932,2022-01-01,,,
2933,2022-01-02,,,
2934,2022-01-03,,,
2935,2022-01-04,,,
2936,2022-01-05,,,
2937,2022-01-06,,,
2938,2022-01-07,,,
2939,2022-01-08,,,
2940,2022-01-09,,,
2941,2022-01-10,,,
2942,2022-01-11,,,
2943,2022-01-12,,,
2944,2022-01-13,,,
2945,2022-01-14,,,
2946,2022-01-15,,,
2947,2022-01-16,,,
2948,2022-01-17,,,
2949,2022-01-18,,,
2950,2022-01-19,,,
2951,2022-01-20,,,
2952,2022-01-21,,,
2953,2022-01-22,,,
2954,2022-01-23,,,
2955,2022-01-24,,,
2956,2022-01-25,,,
2957,2022-01-26,,,
2958,2022-01-27,,,
2959,2022-01-28,,,
2960,2022-01-29,,,
2961,2022-01-30,,,
2962,2022-01-31,,,
2963,2022-02-01,,,
2964,2022-02-02,,,
2965,2022-02-03,,,
2966,2022-02-04,,,
2967,2022-02-05,,,
2968,2022-02-06,,,
2969,2022-02-07,,,
2970,2022-02-08,,,
2971,2022-02-09,,,
2972,2022-02-10,,,
2973,2022-02-11,,,
2974,2022-02-12,,,
2975,2022-02-13,,,
2976,2022-02-14,,,
2977,2022-02-15,,,
2978,2022-02-16,,,
2979,2022-02-17,,,
2980,2022-02-18,,,
2981,2022-02-19,,,
2982,2022-02-20,,,
2983,2022-02-21,,,
2984,2022-02-22,,,
2985,2022-02-23,,,
2986,2022-02-24,,,
2987,2022-02-25,,,
2988,2022-02-26,,,
2989,2022-02-27,,,
2990,2022-02-28,,,
2991,2022-03-01,,,
2992,2022-03-02,,,
2993,2022-03-03,,,
2994,2022-03-04,,,
2995,2022-03-05,,,
2996,2022-03-06,,,
2997,2022-03-07,,,
2998,2022-03-08,,,
2999,2022-03-09,,,
3000,2022-03-10,,,
3001,2022-03-11,,,
3002,2022-03-12,,,
3003,2022-03-13,,,
3004,2022-03-14,,,
3005,2022-03-15,,,
3006,2022-03-16,,,
3007,2022-03-17,,,
3008,2022-03-18,,,
3009,2022-03-19,,,
3010,2022-03-20,,,
3011,2022-03-21,,,
3012,2022-03-22,,,
3013,2022-03-23,,,
3014,2022-03-24,,,
3015,2022-03-25,,,
3016,2022-03-26,,,
3017,2022-03-27,,,
3018,2022-03-28,,,
3019,2022-03-29,,,
3020,2022-03-30,,,
3021,2022-03-31,,,
3022,2022-04-01,,,
3023,2022-04-02,,,
3024,2022-04-03,,,
3025,2022-04-04,,,
3026,2022-04-05,,,
3027,2022-04-06,,,
3028,2022-04-07,,,
3029,2022-04-08,,,
3030,2022-04-09,,,
3031,2022-04-10,,,
3032,2022-04-11,,,
3033,2022-04-12,,,
3034,2022-04-13,,,
3035,2022-04-14,,,
3036,2022-04-15,,,
3037,2022-04-16,,,
3038,2022-04-17,,,
3039,2022-04-18,,,
3040,2022-04-19,,,
3041,2022-04-20,,,
3042,2022-04-21,,,
3043,2022-04-22,,,
3044,2022-04-23,,,
3045,2022-04-24,,,
3046,2022-04-25,,,
3047,2022-04-26,,,
3048,2022-04-27,,,
3049,2022-04-28,,,
3050,2022-04-29,,,
3051,2022-04-30,,,
3052,2022-05-01,,,
3053,2022-05-02,,,
3054,2022-05-03,,,
3055,2022-05-04,,,
3056,2022-05-05,,,
3057,2022-05-06,,,
3058,2022-05-07,,,
3059,2022-05-08,,,
3060,2022-05-09,,,
3061,2022-05-10,,,
3062,2022-05-11,,,
3063,2022-05-12,,,
3064,2022-05-13,,,
3065,2022-05-14,,,
3066,2022-05-15,,,
3067,2022-05-16,,,
3068,2022-05-17,,,
3069,2022-05-18,,,
3070,2022-05-19,,,
3071,2022-05-20,,,
3072,2022-05-21,,,
3073,2022-05-22,,,
3074,2022-05-23,,,
3075,2022-05-24,,,
3076,2022-05-25,,,
3077,2022-05-26,,,
3078,2022-05-27,,,
3079,2022-05-28,,,
3080,2022-05-29,,,
3081,2022-05-30,,,
3082,2022-05-31,,,
3083,2022-06-01,,,
3084,2022-06-02,,,
3085,2022-06-03,,,
3086,2022-06-04,,,
3087,2022-06-05,,,
3088,2022-06-06,,,
3089,2022-06-07,,,
3090,2022-06-08,,,
3091,2022-06-09,,,
3092,2022-06-10,,,
3093,2022-06-11,,,
3094,2022-06-12,,,
3095,2022-06-13,,,
3096,2022-06-14,,,
3097,2022-06-15,,,
3098,2022-06-16,,,
3099,2022-06-17,,,
3100,2022-06-18,,,
3101,2022-06-19,,,
3102,2022-06-20,,,
3103,2022-06-21,,,
3104,2022-06-22,,,
3105,2022-06-23,,,
3106,2022-06-24,,,
3107,2022-06-25,,,
3108,2022-06-26,,,
3109,2022-06-27,,,
3110,2022-06-28,,,
3111,2022-06-29,,,
3112,2022-06-30,,,
3113,2022-07-01,,,
3114,2022-07-02,,,
3115,2022-07-03,,,
3116,2022-07-04,,,
3117,2022-07-05,,,
3118,2022-07-06,,,
3119,2022-07-07,,,
3120,2022-07-08,,,
3121,2022-07-09,,,
3122,2022-07-10,,,
3123,2022-07-11,,,
3124,2022-07-12,,,
3125,2022-07-13,,,
3126,2022-07-14,,,
3127,2022-07-15,,,
3128,2022-07-16,,,
3129,2022-07-17,,,
3130,2022-07-18,,,
3131,2022-07-19,,,
3132,2022-07-20,,,
3133,2022-07-21,,,
3134,2022-07-22,,,
3135,2022-07-23,,,
3136,2022-07-24,,,
3137,2022-07-25,,,
3138,2022-07-26,,,
3139,2022-07-27,,,
3140,2022-07-28,,,
3141,2022-07-29,,,
3142,2022-07-30,,,
3143,2022-07-31,,,
3144,2022-08-01,,,
3145,2022-08-02,,,
3146,2022-08-03,,,
3147,2022-08-04,,,
3148,2022-08-05,,,
3149,2022-08-06,,,
3150,2022-08-07,,,
3151,2022-08-08,,,
3152,2022-08-09,,,
3153,2022-08-10,,,
3154,2022-08-11,,,
3155,2022-08-12,,,
3156,2022-08-13,,,
3157,2022-08-14,,,
3158,2022-08-15,,,
3159,2022-08-16,,,
3160,2022-08-17,,,
3161,2022-08-18,,,
3162,2022-08-19,,,
3163,2022-08-20,,,
3164,2022-08-21,,,
3165,2022-08-22,,,
3166,2022-08-23,,,
3167,2022-08-24,,,
3168,2022-08-25,,,
3169,2022-08-26,,,
3170,2022-08-27,,,
3171,2022-08-28,,,
3172,2022-08-29,,,
3173,2022-08-30,,,
3174,2022-08-31,,,
3175,2022-09-01,,,
3176,2022-09-02,,,
3177,2022-09-03,,,
3178,2022-09-04,,,
3179,2022-09-05,,,
3180,2022-09-06,,,
3181,2022-09-07,,,
3182,2022-09-08,,,
3183,2022-09-09,,,
3184,2022-09-10,,,
3185,2022-09-11,,,
3186,2022-09-12,,,
3187,2022-09-13,,,
3188,2022-09-14,,,
3189,2022-09-15,,,
3190,2022-09-16,,,
3191,2022-09-17,,,
3192,2022-09-18,,,
3193,2022-09-19,,,
3194,2022-09-20,,,
3195,2022-09-21,,,
3196,2022-09-22,,,
3197,2022-09-23,,,
3198,2022-09-24,,,
3199,2022-09-25,,,
3200,2022-09-26,,,
3201,2022-09-27,,,
3202,2022-09-28,,,
3203,2022-09-29,,,
3204,2022-09-30,,,
3205,2022-10-01,,,
3206,2022-10-02,,,
3207,2022-10-03,,,
3208,2022-10-04,,,
3209,2022-10-05,,,
3210,2022-10-06,,,
3211,2022-10-07,,,
3212,2022-10-08,,,
3213,2022-10-09,,,
3214,2022-10-10,,,
3215,2022-10-11,,,
3216,2022-10-12,,,
3217,2022-10-13,,,
3218,2022-10-14,,,
3219,2022-10-15,,,
3220,2022-10-16,,,
3221,2022-10-17,,,
3222,2022-10-18,,,
3223,2022-10-19,,,
3224,2022-10-20,,,
3225,2022-10-21,,,
3226,2022-10-22,,,
3227,2022-10-23,,,
3228,2022-10-24,,,
3229,2022-10-25,,,
3230,2022-10-26,,,
3231,2022-10-27,,,
3232,2022-10-28,,,
3233,2022-10-29,,,
3234,2022-10-30,,,
3235,2022-10-31,,,
3236,2022-11-01,,,
3237,2022-11-02,,,
3238,2022-11-03,,,
3239,2022-11-04,,,
3240,2022-11-05,,,
3241,2022-11-06,,,
3242,2022-11-07,,,
3243,2022-11-08,,,
3244,2022-11-09,,,
3245,2022-11-10,,,
3246,2022-11-11,,,
3247,2022-11-12,,,
3248,2022-11-13,,,
3249,2022-11-14,,,
3250,2022-11-15,,,
3251,2022-11-16,,,
3252,2022-11-17,,,
3253,2022-11-18,,,
3254,2022-11-19,,,
3255,2022-11-20,,,
3256,2022-11-21,,,
3257,2022-11-22,,,
3258,2022-11-23,,,
3259,2022-11-24,,,
3260,2022-11-25,,,
3261,2022-11-26,,,
3262,2022-11-27,,,
3263,2022-11-28,,,
3264,2022-11-29,,,
3265,2022-11-30,,,
3266,2022-12-01,,,
3267,2022-12-02,,,
3268,2022-12-03,,,
3269,2022-12-04,,,
3270,2022-12-05,,,
3271,2022-12-06,,,
3272,2022-12-07,,,
3273,2022-12-08,,,
3274,2022-12-09,,,
3275,2022-12-10,,,
3276,2022-12-11,,,
3277,2022-12-12,,,
3278,2022-12-13,,,
3279,2022-12-14,,,
3280,2022-12-15,,,
3281,2022-12-16,,,
3282,2022-12-17,,,
3283,2022-12-18,,,
3284,2022-12-19,,,
3285,2022-12-20,,,
3286,2022-12-21,,,
3287,2022-12-22,,,
3288,2022-12-23,,,
3289,2022-12-24,,,
3290,2022-12-25,,,
3291,2022-12-26,,,
3292,2022-12-27,,,
3293,2022-12-28,,,
3294,2022-12-29,,,
3295,2022-12-30,,,
3296,2022-12-31,,,
3297,2023-01-01,,,
3298,2023-01-02,,,
3299,2023-01-03,,,
3300,2023-01-04,,,
3301,2023-01-05,,,
3302,2023-01-06,,,
3303,2023-01-07,,,
3304,2023-01-08,,,
3305,2023-01-09,,,
3306,2023-01-10,,,
3307,2023-01-11,,,
3308,2023-01-12,,,
3309,2023-01-13,,,
3310,2023-01-14,,,
3311,2023-01-15,,,
3312,2023-01-16,,,
3313,2023-01-17,,,
3314,2023-01-18,,,
3315,2023-01-19,,,
3316,2023-01-20,,,
3317,2023-01-21,,,
3318,2023-01-22,,,
3319,2023-01-23,,,
3320,2023-01-24,,,
3321,2023-01-25,,,
3322,2023-01-26,,,
3323,2023-01-27,,,
3324,2023-01-28,,,
3325,2023-01-29,,,
3326,2023-01-30,,,
3327,2023-01-31,,,
3328,2023-02-01,,,
3329,2023-02-02,,,
3330,2023-02-03,,,
3331,2023-02-04,,,
3332,2023-02-05,,,
3333,2023-02-06,,,
3334,2023-02-07,,,
3335,2023-02-08,,,
3336,2023-02-09,,,
3337,2023-02-10,,,
3338,2023-02-11,,,
3339,2023-02-12,,,
3340,2023-02-13,,,
3341,2023-02-14,,,
3342,2023-02-15,,,
3343,2023-02-16,,,
3344,2023-02-17,,,
3345,2023-02-18,,,
3346,2023-02-19,,,
3347,2023-02-20,,,
3348,2023-02-21,,,
3349,2023-02-22,,,
3350,2023-02-23,,,
3351,2023-02-24,,,
3352,2023-02-25,,,
3353,2023-02-26,,,
3354,2023-02-27,,,
3355,2023-02-28,,,
3356,2023-03-01,,,
3357,2023-03-02,,,
3358,2023-03-03,,,
3359,2023-03-04,,,
3360,2023-03-05,,,
3361,2023-03-06,,,
3362,2023-03-07,,,
3363,2023-03-08,,,
3364,2023-03-09,,,
3365,2023-03-10,,,
3366,2023-03-11,,,
3367,2023-03-12,,,
3368,2023-03-13,,,
3369,2023-03-14,,,
3370,2023-03-15,,,
3371,2023-03-16,,,
3372,2023-03-17,,,
3373,2023-03-18,,,
3374,2023-03-19,,,
3375,2023-03-20,,,
3376,2023-03-21,,,
3377,2023-03-22,,,
3378,2023-03-23,,,
3379,2023-03-24,,,
3380,2023-03-25,,,
3381,2023-03-26,,,
3382,2023-03-27,,,
3383,2023-03-28,,,
3384,2023-03-29,,,
3385,2023-03-30,,,
3386,2023-03-31,,,
3387,2023-04-01,,,
3388,2023-04-02,,,
3389,2023-04-03,,,
3390,2023-04-04,,,
3391,2023-04-05,,,
3392,2023-04-06,,,
3393,2023-04-07,,,
3394,2023-04-08,,,
3395,2023-04-09,,,
3396,2023-04-10,,,
3397,2023-04-11,,,
3398,2023-04-12,,,
3399,2023-04-13,,,
3400,2023-04-14,,,
3401,2023-04-15,,,
3402,2023-04-16,,,
3403,2023-04-17,,,
3404,2023-04-18,,,
3405,2023-04-19,,,
3406,2023-04-20,,,
3407,2023-04-21,,,
3408,2023-04-22,,,
3409,2023-04-23,,,
3410,2023-04-24,,,
3411,2023-04-25,,,
3412,2023-04-26,,,
3413,2023-04-27,,,
3414,2023-04-28,,,
3415,2023-04-29,,,
3416,2023-04-30,,,
3417,2023-05-01,,,
3418,2023-05-02,,,
3419,2023-05-03,,,
3420,2023-05-04,,,
3421,2023-05-05,,,
3422,2023-05-06,,,
3423,2023-05-07,,,
3424,2023-05-08,,,
3425,2023-05-09,,,
3426,2023-05-10,,,
3427,2023-05-11,,,
3428,2023-05-12,,,
3429,2023-05-13,,,
3430,2023-05-14,,,
3431,2023-05-15,,,
3432,2023-05-16,,,
3433,2023-05-17,,,
3434,2023-05-18,,,
3435,2023-05-19,,,
3436,2023-05-20,,,
3437,2023-05-21,,,
3438,2023-05-22,,,
3439,2023-05-23,,,
3440,2023-05-24,,,
3441,2023-05-25,,,
3442,2023-05-26,,,
3443,2023-05-27,,,
3444,2023-05-28,,,
3445,2023-05-29,,,
3446,2023-05-30,,,
3447,2023-05-31,,,
3448,2023-06-01,,,
3449,2023-06-02,,,
3450,2023-06-03,,,
3451,2023-06-04,,,
3452,2023-06-05,,,
3453,2023-06-06,,,
3454,2023-06-07,,,
3455,2023-06-08,,,
3456,2023-06-09,,,
3457,2023-06-10,,,
3458,2023-06-11,,,
3459,2023-06-12,,,
3460,2023-06-13,,,
3461,2023-06-14,,,
3462,2023-06-15,,,
3463,2023-06-16,,,
3464,2023-06-17,,,
3465,2023-06-18,,,
3466,2023-06-19,,,
3467,2023-06-20,,,
3468,2023-06-21,,,
3469,2023-06-22,,,
3470,2023-06-23,,,
3471,2023-06-24,,,
3472,2023-06-25,,,
3473,2023-06-26,,,
3474,2023-06-27,,,
3475,2023-06-28,,,
3476,2023-06-29,,,
3477,2023-06-30,,,
3478,2023-07-01,,,
3479,2023-07-02,,,
3480,2023-07-03,,,
3481,2023-07-04,,,
3482,2023-07-05,,,
3483,2023-07-06,,,
3484,2023-07-07,,,
3485,2023-07-08,,,
3486,2023-07-09,,,
3487,2023-07-10,,,
3488,2023-07-11,,,
3489,2023-07-12,,,
3490,2023-07-13,,,
3491,2023-07-14,,,
3492,2023-07-15,,,
3493,2023-07-16,,,
3494,2023-07-17,,,
3495,2023-07-18,,,
3496,2023-07-19,,,
3497,2023-07-20,,,
3498,2023-07-21,,,
3499,2023-07-22,,,
3500,2023-07-23,,,
3501,2023-07-24,,,
3502,2023-07-25,,,
3503,2023-07-26,,,
3504,2023-07-27,,,
3505,2023-07-28,,,
3506,2023-07-29,,,
3507,2023-07-30,,,
3508,2023-07-31,,,
3509,2023-08-01,,,
3510,2023-08-02,,,
3511,2023-08-03,,,
3512,2023-08-04,,,
3513,2023-08-05,,,
3514,2023-08-06,,,
3515,2023-08-07,,,
3516,2023-08-08,,,
3517,2023-08-09,,,
3518,2023-08-10,,,
3519,2023-08-11,,,
3520,2023-08-12,,,
3521,2023-08-13,,,
3522,2023-08-14,,,
3523,2023-08-15,,,
3524,2023-08-16,,,
3525,2023-08-17,,,
3526,2023-08-18,,,
3527,2023-08-19,,,
3528,2023-08-20,,,
3529,2023-08-21,,,
3530,2023-08-22,,,
3531,2023-08-23,,,
3532,2023-08-24,,,
3533,2023-08-25,,,
3534,2023-08-26,,,
3535,2023-08-27,,,
3536,2023-08-28,,,
3537,2023-08-29,,,
3538,2023-08-30,,,
3539,2023-08-31,,,
3540,2023-09-01,,,
3541,2023-09-02,,,
3542,2023-09-03,,,
3543,2023-09-04,,,
3544,2023-09-05,,,
3545,2023-09-06,,,
3546,2023-09-07,,,
3547,2023-09-08,,,
3548,2023-09-09,,,
3549,2023-09-10,,,
3550,2023-09-11,,,
3551,2023-09-12,,,
3552,2023-09-13,,,
3553,2023-09-14,,,
3554,2023-09-15,,,
3555,2023-09-16,,,
3556,2023-09-17,,,
3557,2023-09-18,,,
3558,2023-09-19,,,
3559,2023-09-20,,,
3560,2023-09-21,,,
3561,2023-09-22,,,
3562,2023-09-23,,,
3563,2023-09-24,,,
3564,2023-09-25,,,
3565,2023-09-26,,,
3566,2023-09-27,,,
3567,2023-09-28,,,
3568,2023-09-29,,,
3569,2023-09-30,,,
3570,2023-10-01,,,
3571,2023-10-02,,,
3572,2023-10-03,,,
3573,2023-10-04,,,
3574,2023-10-05,,,
3575,2023-10-06,,,
3576,2023-10-07,,,
3577,2023-10-08,,,
3578,2023-10-09,,,
3579,2023-10-10,,,
3580,2023-10-11,,,
3581,2023-10-12,,,
3582,2023-10-13,,,
3583,2023-10-14,,,
3584,2023-10-15,,,
3585,2023-10-16,,,
3586,2023-10-17,,,
3587,2023-10-18,,,
3588,2023-10-19,,,
3589,2023-10-20,,,
3590,2023-10-21,,,
3591,2023-10-22,,,
3592,2023-10-23,,,
3593,2023-10-24,,,
3594,2023-10-25,,,
3595,2023-10-26,,,
3596,2023-10-27,,,
3597,2023-10-28,,,
3598,2023-10-29,,,
3599,2023-10-30,,,
3600,2023-10-31,,,
3601,2023-11-01,,,
3602,2023-11-02,,,
3603,2023-11-03,,,
3604,2023-11-04,,,
3605,2023-11-05,,,
3606,2023-11-06,,,
3607,2023-11-07,,,
3608,2023-11-08,,,
3609,2023-11-09,,,
3610,2023-11-10,,,
3611,2023-11-11,,,
3612,2023-11-12,,,
3613,2023-11-13,,,
3614,2023-11-14,,,
3615,2023-11-15,,,
3616,2023-11-16,,,
3617,2023-11-17,,,
3618,2023-11-18,,,
3619,2023-11-19,,,
3620,2023-11-20,,,
3621,2023-11-21,,,
3622,2023-11-22,,,
3623,2023-11-23,,,
3624,2023-11-24,,,
3625,2023-11-25,,,
3626,2023-11-26,,,
3627,2023-11-27,,,
3628,2023-11-28,,,
3629,2023-11-29,,,
3630,2023-11-30,,,
3631,2023-12-01,,,
3632,2023-12-02,,,
3633,2023-12-03,,,
3634,2023-12-04,,,
3635,2023-12-05,,,
3636,2023-12-06,,,
3637,2023-12-07,,,
3638,2023-12-08,,,
3639,2023-12-09,,,
3640,2023-12-10,,,
3641,2023-12-11,,,
3642,2023-12-12,,,
3643,2023-12-13,,,
3644,2023-12-14,,,
3645,2023-12-15,,,
3646,2023-12-16,,,
3647,2023-12-17,,,
3648,2023-12-18,,,
3649,2023-12-19,,,
3650,2023-12-20,,,
3651,2023-12-21,,,
3652,2023-12-22,,,
3653,2023-12-23,,,
3654,2023-12-24,,,
3655,2023-12-25,,,
3656,2023-12-26,,,
3657,2023-12-27,,,
3658,2023-12-28,,,
3659,2023-12-29,,,
3660,2023-12-30,,,
3661,2023-12-31,,,
3662,2024-01-01,,,
3663,2024-01-02,,,
3664,2024-01-03,,,
3665,2024-01-04,,,
3666,2024-01-05,,,
3667,2024-01-06,,,
3668,2024-01-07,,,
3669,2024-01-08,,,
3670,2024-01-09,,,
3671,2024-01-10,,,
3672,2024-01-11,,,
3673,2024-01-12,,,
3674,2024-01-13,,,
3675,2024-01-14,,,
3676,2024-01-15,,,
3677,2024-01-16,,,
3678,2024-01-17,,,
3679,2024-01-18,,,
3680,2024-01-19,,,
3681,2024-01-20,,,
3682,2024-01-21,,,
3683,2024-01-22,,,
3684,2024-01-23,,,
3685,2024-01-24,,,
3686,2024-01-25,,,
3687,2024-01-26,,,
3688,2024-01-27,,,
3689,2024-01-28,,,
3690,2024-01-29,,,
3691,2024-01-30,,,
3692,2024-01-31,,,
3693,2024-02-01,,,
3694,2024-02-02,,,
3695,2024-02-03,,,
3696,2024-02-04,,,
3697,2024-02-05,,,
3698,2024-02-06,,,
3699,2024-02-07,,,
3700,2024-02-08,,,
3701,2024-02-09,,,
3702,2024-02-10,,,
3703,2024-02-11,,,
3704,2024-02-12,,,
3705,2024-02-13,,,
3706,2024-02-14,,,
3707,2024-02-15,,,
3708,2024-02-16,,,
3709,2024-02-17,,,
3710,2024-02-18,,,
3711,2024-02-19,,,
3712,2024-02-20,,,
3713,2024-02-21,,,
3714,2024-02-22,,,
3715,2024-02-23,,,
3716,2024-02-24,,,
3717,2024-02-25,,,
3718,2024-02-26,,,
3719,2024-02-27,,,
3720,2024-02-28,,,
3721,2024-02-29,8,12,12
3722,2024-03-01,12,12,10
3723,2024-03-02,12,10,5
3724,2024-03-03,14,5,5
3725,2024-03-04,5,5,5
3726,2024-03-05,5,5,8
3727,2024-03-06,8,15,20
3728,2024-03-07,15,20,10
3729,2024-03-08,20,10,12
3730,2024-03-09,10,12,10
3731,2024-03-10,12,10,5
3732,2024-03-11,5,5,8
3733,2024-03-12,5,8,12
3734,2024-03-13,14,12,8
3735,2024-03-14,12,8,8
3736,2024-03-15,8,8,5
3737,2024-03-16,8,5,5
3738,2024-03-17,5,5,18
3739,2024-03-18,5,18,20
3740,2024-03-19,18,20,8
3741,2024-03-20,20,8,5
3742,2024-03-21,15,5,16
3743,2024-03-22,5,16,18
3744,2024-03-23,25,45,22
3745,2024-03-24,50,22,5
3746,2024-03-25,22,8,5
3747,2024-03-26,8,5,10
3748,2024-03-27,5,10,8
3749,2024-03-28,8,8,10
3750,2024-03-29,8,10,10
3751,2024-03-30,10,10,8
3752,2024-03-31,10,8,12
3753,2024-04-01,8,12,18
3754,2024-04-02,12,18,18
3755,2024-04-03,18,18,8
3756,2024-04-04,16,10,5
3757,2024-04-05,10,5,5
3758,2024-04-06,5,5,15
3759,2024-04-07,5,12,12
3760,2024-04-08,12,12,8
3761,2024-04-09,12,8,5
3762,2024-04-10,10,5,8
3763,2024-04-11,5,8,15
3764,2024-04-12,8,20,15
3765,2024-04-13,20,18,8
3766,2024-04-14,18,8,5
3767,2024-04-15,15,15,15
3768,2024-04-16,15,20,10
3769,2024-04-17,20,10,10
3770,2024-04-18,6,10,12
3771,2024-04-19,10,12,8
3772,2024-04-20,12,8,15
3773,2024-04-21,10,15,10
3774,2024-04-22,15,10,21
3775,2024-04-23,10,20,18
3776,2024-04-24,20,18,15
3777,2024-04-25,,,
3778,2024-04-26,18,15,10
3779,2024-04-27,15,10,8
3780,2024-04-28,10,8,15
3781,2024-04-29,8,18,20
3782,2024-04-30,18,20,18
3783,2024-05-01,20,18,20
3784,2024-05-02,40,15,12
3785,2024-05-03,15,20,35
3786,2024-05-04,20,35,12
3787,2024-05-05,35,12,8
3788,2024-05-06,12,8,10
3789,2024-05-07,8,12,8
3790,2024-05-08,12,37,50
3791,2024-05-09,25,90,30
3792,2024-05-10,106,30,20
3793,2024-05-11,217,60,20
3794,2024-05-12,40,18,12
3795,2024-05-13,26,18,10
3796,2024-05-14,18,10,12
3797,2024-05-15,12,12,8
3798,2024-05-16,15,8,15
3799,2024-05-17,18,15,15
3800,2024-05-18,18,24,16
3801,2024-05-19,24,16,5
3802,2024-05-20,16,5,5
3803,2024-05-21,8,8,14
3804,2024-05-22,8,14,12
3805,2024-05-23,15,12,12
3806,2024-05-24,12,12,8
3807,2024-05-25,12,8,8
3808,2024-05-26,8,8,5
3809,2024-05-27,8,12,8
3810,2024-05-28,12,8,5
3811,2024-05-29,8,25,25
3812,2024-05-30,25,25,5
3813,2024-05-31,25,8,5
3814,2024-06-01,,,
3815,2024-06-02,5,18,15
3816,2024-06-03,22,16,5
3817,2024-06-04,14,5,5
3818,2024-06-05,5,5,10
3819,2024-06-06,5,10,8
3820,2024-06-07,15,10,5
3821,2024-06-08,10,36,20
3822,2024-06-09,36,20,10
3823,2024-06-10,20,10,5
3824,2024-06-11,8,5,5
3825,2024-06-12,5,5,5
3826,2024-06-13,5,12,15
3827,2024-06-14,12,15,8
3828,2024-06-15,15,8,15
3829,2024-06-16,8,15,8
3830,2024-06-17,15,8,5
3831,2024-06-18,,,
3832,2024-06-19,5,8,10
3833,2024-06-20,10,12,10
3834,2024-06-21,12,10,5
3835,2024-06-22,10,5,5
3836,2024-06-23,8,5,5
3837,2024-06-24,5,5,5
3838,2024-06-25,5,5,5
3839,2024-06-26,5,12,15
3840,2024-06-27,12,15,5
3841,2024-06-28,20,8,15
3842,2024-06-29,8,15,12
3843,2024-06-30,15,12,12
3844,2024-07-01,12,18,12
3845,2024-07-02,18,12,8
3846,2024-07-03,12,8,5
3847,2024-07-04,8,5,5
3848,2024-07-05,5,5,12
3849,2024-07-06,5,12,10
3850,2024-07-07,12,10,5
3851,2024-07-08,8,5,12
3852,2024-07-09,5,12,8
3853,2024-07-10,12,8,15
3854,2024-07-11,8,15,18
3855,2024-07-12,15,18,12
3856,2024-07-13,16,12,8
3857,2024-07-14,5,5,5
3858,2024-07-15,5,5,10
3859,2024-07-16,8,10,8
3860,2024-07-17,10,8,16
3861,2024-07-18,8,16,20
3862,2024-07-19,16,20,8
3863,2024-07-20,20,8,5
3864,2024-07-21,5,5,5
3865,2024-07-22,10,30,12
3866,2024-07-23,24,12,5
3867,2024-07-24,10,10,18
3868,2024-07-25,12,18,8
3869,2024-07-26,18,8,12
3870,2024-07-27,8,18,30
3871,2024-07-28,18,72,35
3872,2024-07-29,72,35,32
3873,2024-07-30,30,30,10
3874,2024-07-31,30,10,5
3875,2024-08-01,10,30,25
3876,2024-08-02,30,25,8
3877,2024-08-03,25,8,5
3878,2024-08-04,15,10,8
3879,2024-08-05,10,8,5
3880,2024-08-06,8,6,12
3881,2024-08-07,6,32,40
3882,2024-08-08,34,52,36
3883,2024-08-09,42,30,43
3884,2024-08-10,25,38,15
3885,2024-08-11,38,15,8
3886,2024-08-12,40,12,8
3887,2024-08-13,8,5,8
3888,2024-08-14,5,8,10
3889,2024-08-15,10,18,30
3890,2024-08-16,18,30,22
3891,2024-08-17,25,10,8
3892,2024-08-18,10,5,5
3893,2024-08-19,5,5,10
3894,2024-08-20,5,12,8
3895,2024-08-21,12,8,5
3896,2024-08-22,8,5,5
3897,2024-08-23,5,5,5
3898,2024-08-24,5,5,12
3899,2024-08-25,5,12,12
3900,2024-08-26,12,12,5
3901,2024-08-27,14,5,8
3902,2024-08-28,15,8,5
3903,2024-08-29,8,8,8
3904,2024-08-30,,,
3905,2024-08-31,,,
3906,2024-09-01,,,
3907,2024-09-02,,,
3908,2024-09-03,,,
3909,2024-09-04,,,
3910,2024-09-05,,,
3911,2024-09-06,,,
3912,2024-09-07,,,
3913,2024-09-08,,,
3914,2024-09-09,,,
3915,2024-09-10,,,
3916,2024-09-11,,,
3917,2024-09-12,,,
3918,2024-09-13,,,
3919,2024-09-14,,,
3920,2024-09-15,,,
3921,2024-09-16,,,
3922,2024-09-17,,,
3923,2024-09-18,,,
3924,2024-09-19,,,
3925,2024-09-20,,,
3926,2024-09-21,,,
3927,2024-09-22,,,
3928,2024-09-23,,,
3929,2024-09-24,,,
3930,2024-09-25,,,
3931,2024-09-26,,,
3932,2024-09-27,,,
3933,2024-09-28,,,
3934,2024-09-29,,,
3935,2024-09-30,,,
3936,2024-10-01,,,
3937,2024-10-02,,,
3938,2024-10-03,,,
3939,2024-10-04,,,
3940,2024-10-05,,,
3941,2024-10-06,,,
3942,2024-10-07,30,8,5
3943,2024-10-08,10,5,14
3944,2024-10-09,125,122,42
3945,2024-10-10,122,42,12
3946,2024-10-11,30,12,12
3947,2024-10-12,12,10,12
3948,2024-10-13,10,12,25
3949,2024-10-14,12,25,8
3950,2024-10-15,25,8,5
3951,2024-10-16,8,15,15
3952,2024-10-17,15,15,12
3953,2024-10-18,,,
3954,2024-10-19,12,5,15
3955,2024-10-20,5,15,10
3956,2024-10-21,15,10,8
3957,2024-10-22,10,8,5
3958,2024-10-23,10,15,8
3959,2024-10-24,15,18,7
3960,2024-10-25,18,7,8
3961,2024-10-26,15,25,15
3962,2024-10-27,45,22,8
3963,2024-10-28,15,8,5
3964,2024-10-29,10,5,8
3965,2024-10-30,5,8,8
3966,2024-10-31,5,8,15
3967,2024-11-01,8,15,10
3968,2024-11-02,15,10,5
3969,2024-11-03,10,8,5
3970,2024-11-04,,,
3971,2024-11-05,18,24,12
3972,2024-11-06,26,16,20
3973,2024-11-07,16,20,18
3974,2024-11-08,20,20,12
3975,2024-11-09,20,12,10
3976,2024-11-10,15,10,15
3977,2024-11-11,10,15,12
3978,2024-11-12,15,12,12
3979,2024-11-13,12,12,10
3980,2024-11-14,12,10,8
3981,2024-11-15,10,8,12
3982,2024-11-16,8,12,8
3983,2024-11-17,12,8,5
3984,2024-11-18,8,5,5
3985,2024-11-19,5,5,8
3986,2024-11-20,5,8,8
3987,2024-11-21,8,8,8
3988,2024-11-22,8,8,8
3989,2024-11-23,8,5,5
3990,2024-11-24,5,5,5
3991,2024-11-25,8,5,5
3992,2024-11-26,5,20,28
3993,2024-11-27,20,28,12
3994,2024-11-28,24,10,5
3995,2024-11-29,10,5,8
3996,2024-11-30,8,8,5
3997,2024-12-01,8,5,5
3998,2024-12-02,5,5,5
3999,2024-12-03,5,5,8
4000,2024-12-04,5,8,8
4001,2024-12-05,8,8,8
4002,2024-12-06,8,8,5
4003,2024-12-07,6,5,8
4004,2024-12-08,8,8,8
4005,2024-12-09,12,12,8
4006,2024-12-10,12,8,5
4007,2024-12-11,5,5,5
4008,2024-12-12,5,5,8
4009,2024-12-13,5,10,8
4010,2024-12-14,10,8,15
4011,2024-12-15,8,15,8
4012,2024-12-16,15,10,5
4013,2024-12-17,12,5,5
4014,2024-12-18,5,5,5
4015,2024-12-19,5,5,5
4016,2024-12-20,8,5,8
4017,2024-12-21,8,8,10
4018,2024-12-22,8,10,8
4019,2024-12-23,10,25,10
4020,2024-12-24,25,25,10
4021,2024-12-25,25,10,8
4022,2024-12-26,10,8,5
4023,2024-12-27,8,10,8
4024,2024-12-28,8,8,5
4025,2024-12-29,8,50,20
4026,2024-12-30,50,20,8
4027,2024-12-31,20,8,5
4028,2025-01-01,15,15,5
4029,2025-01-02,12,18,18
4030,2025-01-03,18,18,12
4031,2025-01-04,25,12,8
4032,2025-01-05,22,12,8
4033,2025-01-06,12,8,5
4034,2025-01-07,8,5,5
4035,2025-01-08,5,5,8
4036,2025-01-09,8,8,10
4037,2025-01-10,10,5,5
4038,2025-01-11,6,6,8
4039,2025-01-12,6,8,10
4040,2025-01-13,8,10,6
4041,2025-01-14,10,6,8
4042,2025-01-15,8,8,10
4043,2025-01-16,15,12,10
4044,2025-01-17,15,10,8
4045,2025-01-18,10,8,8
4046,2025-01-19,12,8,5
4047,2025-01-20,12,5,5
4048,2025-01-21,8,5,15
4049,2025-01-22,5,15,30
4050,2025-01-23,15,30,15
4051,2025-01-24,30,15,5
4052,2025-01-25,15,5,5
4053,2025-01-26,5,5,10
4054,2025-01-27,5,10,5
4055,2025-01-28,10,5,10
4056,2025-01-29,5,10,12
4057,2025-01-30,26,24,13
4058,2025-01-31,24,13,8
4059,2025-02-01,14,10,18
4060,2025-02-02,14,18,8
4061,2025-02-03,18,8,5
4062,2025-02-04,5,5,8
4063,2025-02-05,8,12,10
4064,2025-02-06,12,10,5
4065,2025-02-07,8,14,25
4066,2025-02-08,14,25,18
4067,2025-02-09,27,18,15
4068,2025-02-10,18,15,20
4069,2025-02-11,15,20,15
4070,2025-02-12,20,15,10
4071,2025-02-13,22,14,10
4072,2025-02-14,22,16,10
4073,2025-02-15,22,12,16
4074,2025-02-16,12,16,10
4075,2025-02-17,16,10,8
4076,2025-02-18,10,8,5
4077,2025-02-19,8,5,5
4078,2025-02-20,5,5,5
4079,2025-02-21,5,5,8
4080,2025-02-22,5,8,8
4081,2025-02-23,8,8,6
4082,2025-02-24,10,6,10
4083,2025-02-25,6,10,18
4084,2025-02-26,10,18,12
4085,2025-02-27,18,12,10
4086,2025-02-28,15,10,8
4087,2025-03-01,12,8,5
4088,2025-03-02,8,18,25
4089,2025-03-03,18,25,10
4090,2025-03-04,25,10,5
4091,2025-03-05,10,5,12
4092,2025-03-06,5,12,20
4093,2025-03-07,12,20,25
4094,2025-03-08,20,25,20
4095,2025-03-09,25,20,12
4096,2025-03-10,20,12,15
4097,2025-03-11,10,15,18
4098,2025-03-12,26,18,12
4099,2025-03-13,30,24,15
4100,2025-03-14,20,15,12
4101,2025-03-15,15,12,15
4102,2025-03-16,12,15,10
4103,2025-03-17,15,12,12
4104,2025-03-18,12,12,8
4105,2025-03-19,20,8,12
4106,2025-03-20,5,12,12
4107,2025-03-21,28,12,8
4108,2025-03-22,65,20,30
4109,2025-03-23,20,30,20
4110,2025-03-24,30,20,15
4111,2025-03-25,37,28,18
4112,2025-03-26,40,25,15
4113,2025-03-27,25,15,8
4114,2025-03-28,15,8,5
4115,2025-03-29,12,5,10
4116,2025-03-30,8,10,8
4117,2025-03-31,10,8,5
4118,2025-04-01,12,5,18
4119,2025-04-02,12,18,20
4120,2025-04-03,18,20,10
4121,2025-04-04,24,13,8
4122,2025-04-05,20,12,12
4123,2025-04-06,16,14,8
4124,2025-04-07,14,10,10
4125,2025-04-08,18,12,12
4126,2025-04-09,12,18,20
4127,2025-04-10,15,20,15
4128,2025-04-11,22,16,12
4129,2025-04-12,16,12,8
4130,2025-04-13,12,12,36
4131,2025-04-14,12,38,25
4132,2025-04-15,54,30,18
4133,2025-04-16,45,18,10
4134,2025-04-17,12,10,8
4135,2025-04-18,10,8,35
4136,2025-04-19,10,8,35
4137,2025-04-20,12,35,35
4138,2025-04-21,32,20,18
4139,2025-04-22,20,18,12
4140,2025-04-23,18,12,8
4141,2025-04-24,12,8,15
4142,2025-04-25,8,15,12
4143,2025-04-26,15,12,8
4144,2025-04-27,12,8,5
4145,2025-04-28,8,5,5
4146,2025-04-29,5,5,12
4147,2025-04-30,8,10,12
4148,2025-05-01,23,10,12
4149,2025-05-02,18,15,18
4150,2025-05-03,15,18,12
4151,2025-05-04,18,12,6
4152,2025-05-05,21,15,10
4153,2025-05-06,15,10,25
4154,2025-05-07,10,25,12
4155,2025-05-08,25,12,12
4156,2025-05-09,12,12,8
4157,2025-05-10,12,8,12
4158,2025-05-11,20,12,10
4159,2025-05-12,12,10,12
4160,2025-05-13,10,12,8
4161,2025-05-14,12,8,15
4162,2025-05-15,8,15,25
4163,2025-05-16,16,30,30
4164,2025-05-17,30,32,16
4165,2025-05-18,18,12,12
4166,2025-05-19,12,12,10
4167,2025-05-20,,,
4168,2025-05-21,10,12,5
4169,2025-05-22,12,12,12
4170,2025-05-23,12,12,12
4171,2025-05-24,8,8,8
4172,2025-05-25,8,8,12
4173,2025-05-26,8,25,16
4174,2025-05-27,25,16,12
4175,2025-05-28,20,18,12
4176,2025-05-29,38,22,20
4177,2025-05-30,22,20,15
4178,2025-05-31,96,100,44
4179,2025-06-01,86,35,18
4180,2025-06-02,48,20,20
4181,2025-06-03,18,20,15
4182,2025-06-04,33,15,18
4183,2025-06-05,15,18,15
4184,2025-06-06,18,15,13
4185,2025-06-07,20,22,12
4186,2025-06-08,22,12,12
4187,2025-06-09,12,12,8
4188,2025-06-10,12,8,15
4189,2025-06-11,8,15,32
4190,2025-06-12,15,32,25
4191,2025-06-13,47,24,18
4192,2025-06-14,18,22,15
4193,2025-06-15,16,15,10
4194,2025-06-16,15,17,15
4195,2025-06-17,17,12,24
4196,2025-06-18,12,24,10
4197,2025-06-19,24,10,5
4198,2025-06-20,10,10,12
4199,2025-06-21,10,12,12
4200,2025-06-22,12,12,35
4201,2025-06-23,12,40,28
4202,2025-06-24,40,26,15
4203,2025-06-25,32,20,14
4204,2025-06-26,20,14,8
4205,2025-06-27,15,8,5
4206,2025-06-28,8,5,5
4207,2025-06-29,5,5,10
4208,2025-06-30,12,32,20
4209,2025-07-01,32,20,12
4210,2025-07-02,22,12,10
4211,2025-07-03,12,10,8
4212,2025-07-04,10,8,8
4213,2025-07-05,8,8,5
4214,2025-07-06,10,8,5
4215,2025-07-07,8,5,5
4216,2025-07-08,5,5,5
4217,2025-07-09,5,5,10
4218,2025-07-10,5,10,8
4219,2025-07-11,12,15,10
4220,2025-07-12,15,10,8
4221,2025-07-13,12,10,10
4222,2025-07-14,15,10,8
4223,2025-07-15,14,8,8
4224,2025-07-16,8,8,5
4225,2025-07-17,15,10,8
4226,2025-07-18,10,5,5
4227,2025-07-19,5,5,5
4228,2025-07-20,5,5,15
4229,2025-07-21,12,25,15
4230,2025-07-22,25,15,10
4231,2025-07-23,20,12,6
4232,2025-07-24,12,6,20
4233,2025-07-25,6,20,12
4234,2025-07-26,20,12,5
4235,2025-07-27,10,8,10
4236,2025-07-28,8,12,12
4237,2025-07-29,12,12,8
4238,2025-07-30,14,8,5
4239,2025-07-31,8,8,5
4240,2025-08-01,10,5,5
4241,2025-08-02,5,5,8
4242,2025-08-03,12,10,8
4243,2025-08-04,8,8,5
4244,2025-08-05,8,5,5
4245,2025-08-06,11,32,26
4246,2025-08-07,32,26,20
4247,2025-08-08,28,18,18
4248,2025-08-09,22,18,15
4249,2025-08-10,18,15,12
4250,2025-08-11,15,12,10
4251,2025-08-12,12,10,10
4252,2025-08-13,10,10,5
4253,2025-08-14,10,5,5
4254,2025-08-15,5,5,18
4255,2025-08-16,5,12,30
4256,2025-08-17,12,30,18
4257,2025-08-18,28,25,15
4258,2025-08-19,25,15,8
4259,2025-08-20,14,8,5
4260,2025-08-21,8,5,5
4261,2025-08-22,5,5,12
4262,2025-08-23,5,12,15
4263,2025-08-24,12,15,8
4264,2025-08-25,15,8,8
4265,2025-08-26,10,8,8
4266,2025-08-27,10,8,5
4267,2025-08-28,,,
4268,2025-08-29,5,10,8
4269,2025-08-30,10,8,5
4270,2025-08-31,20,55,10
4271,2025-09-01,55,12,8
4272,2025-09-02,24,8,12
4273,2025-09-03,8,12,25
4274,2025-09-04,18,25,15
4275,2025-09-05,25,28,12
4276,2025-09-06,25,12,8
4277,2025-09-07,12,8,8
4278,2025-09-08,8,8,5
4279,2025-09-09,8,8,5
4280,2025-09-10,12,5,5
4281,2025-09-11,8,5,15
4282,2025-09-12,8,18,15
4283,2025-09-13,20,15,12
4284,2025-09-14,20,12,10
4285,2025-09-15,24,15,10
4286,2025-09-16,15,10,5
4287,2025-09-17,10,5,5
4288,2025-09-18,5,5,15
4289,2025-09-19,5,15,24
4290,2025-09-20,18,24,12
4291,2025-09-21,24,12,5
4292,2025-09-22,15,8,5
4293,2025-09-23,8,5,5
4294,2025-09-24,5,5,8
4295,2025-09-25,5,8,12
4296,2025-09-26,8,18,14
4297,2025-09-27,18,14,8
4298,2025-09-28,14,8,5
4299,2025-09-29,15,12,5
4300,2025-09-30,32,18,15
4301,2025-10-01,37,24,0
4302,2025-10-02,25,18,18
4303,2025-10-03,18,18,15
4304,2025-10-04,18,15,18
4305,2025-10-05,15,18,15
4306,2025-10-06,21,18,8
4307,2025-10-07,21,8,5
4308,2025-10-08,8,5,14
4309,2025-10-09,5,15,25
4310,2025-10-10,15,25,18
4311,2025-10-11,25,18,8
4312,2025-10-12,18,8,10
4313,2025-10-13,12,12,22
4314,2025-10-14,,,
4315,2025-10-15,28,25,10
4316,2025-10-16,25,16,12
4317,2025-10-17,16,12,14
4318,2025-10-18,15,12,8
4319,2025-10-19,12,10,8
4320,2025-10-20,10,8,5
4321,2025-10-21,8,5,5
4322,2025-10-22,5,5,10
4323,2025-10-23,5,10,8
4324,2025-10-24,10,8,12
4325,2025-10-25,8,12,35
4326,2025-10-26,12,35,30
4327,2025-10-27,35,30,25
4328,2025-10-28,30,25,18
4329,2025-10-29,25,18,10
4330,2025-10-30,18,10,8
4331,2025-10-31,18,15,12
4332,2025-11-01,15,12,10
4333,2025-11-02,15,10,5
4334,2025-11-03,10,5,18
4335,2025-11-04,5,18,24
4336,2025-11-05,38,76,25
4337,2025-11-06,76,34,18
4338,2025-11-07,35,18,30
4339,2025-11-08,18,30,15
4340,2025-11-09,18,35,25
4341,2025-11-10,35,52,22
4342,2025-11-11,109,55,22
4343,2025-11-12,97,22,8
4344,2025-11-13,,,
4345,2025-11-14,8,15,22
4346,2025-11-15,15,22,12
4347,2025-11-16,22,12,10
4348,2025-11-17,12,10,8
4349,2025-11-18,5,5,12
4350,2025-11-19,12,15,8
4351,2025-11-20,15,8,5
4352,2025-11-21,8,5,5
4353,2025-11-22,5,5,5
4354,2025-11-23,8,12,25
4355,2025-11-24,20,25,25
4356,2025-11-25,36,30,25
4357,2025-11-26,30,25,12
4358,2025-11-27,25,12,8
4359,2025-11-28,12,8,5
4360,2025-11-29,12,5,5
4361,2025-11-30,8,5,15
4362,2025-12-01,5,24,35
4363,2025-12-02,25,35,30
4364,2025-12-03,35,25,12
4365,2025-12-04,20,12,18
4366,2025-12-05,12,18,18
4367,2025-12-06,18,18,5
4368,2025-12-07,18,70,33
4369,2025-12-08,66,33,10
4370,2025-12-09,9,9,14
4371,2025-12-10,9,14,12
4372,2025-12-11,22,16,12
4373,2025-12-12,19,12,8
4374,2025-12-13,12,10,8
4375,2025-12-14,10,8,10
4376,2025-12-15,8,15,25
4377,2025-12-16,15,15,10
4378,2025-12-17,15,10,8
4379,2025-12-18,10,8,5
4380,2025-12-19,8,5,18
4381,2025-12-20,5,22,30
4382,2025-12-21,28,22,20
4383,2025-12-22,20,18,12
4384,2025-12-23,18,12,10
4385,2025-12-24,12,10,5
4386,2025-12-25,10,5,5
4387,2025-12-26,5,5,5
4388,2025-12-27,5,5,5
4389,2025-12-28,5,5,8
4390,2025-12-29,8,12,26
4391,2025-12-30,12,29,18
4392,2025-12-31,18,16,42
4393,2026-01-01,16,42,15
4394,2026-01-02,35,18,12
4395,2026-01-03,18,12,8
4396,2026-01-04,10,5,5
4397,2026-01-05,5,5,5
4398,2026-01-06,5,5,24
4399,2026-01-07,8,24,15
4400,2026-01-08,24,15,10
4401,2026-01-09,21,30,15
4402,2026-01-10,34,18,15
4403,2026-01-11,28,18,12
4404,2026-01-12,18,12,8
4405,2026-01-13,12,8,5
4406,2026-01-14,8,5,25
4407,2026-01-15,12,25,22
4408,2026-01-16,28,20,18
4409,2026-01-17,24,20,16
4410,2026-01-18,20,16,10
4411,2026-01-19,86,20,10
4412,2026-01-20,42,18,10
4413,2026-01-21,32,15,9
4414,2026-01-22,12,10,8
4415,2026-01-23,18,8,5
4416,2026-01-24,8,5,8
4417,2026-01-25,8,8,24
4418,2026-01-26,8,24,18
4419,2026-01-27,24,18,10
4420,2026-01-28,18,10,8
4421,2026-01-29,12,8,5
4422,2026-01-30,5,5,5
4423,2026-01-31,5,5,5
4424,2026-02-01,5,5,5
4425,2026-02-02,5,5,16
4426,2026-02-03,5,16,27
4427,2026-02-04,25,25,12
4428,2026-02-05,20,15,20
4429,2026-02-06,15,20,16
4430,2026-02-07,20,15,8
4431,2026-02-08,15,8,5
4432,2026-02-09,8,5,5
4433,2026-02-10,5,5,5
4434,2026-02-11,5,5,12
4435,2026-02-12,5,12,20
4436,2026-02-13,12,25,20
4437,2026-02-14,25,20,12
4438,2026-02-15,20,12,10
