,date,day+1Ap,day+2Ap,day+3Ap
0,2013-12-22,5,5,10
1,2013-12-23,5,10,8
2,2013-12-24,10,8,5
3,2013-12-25,10,8,5
4,2013-12-26,7,5,5
5,2013-12-27,5,5,5
6,2013-12-28,5,5,5
7,2013-12-29,5,5,10
8,2013-12-30,5,10,15
9,2013-12-31,10,18,10
10,2014-01-01,18,10,8
11,2014-01-02,10,8,5
12,2014-01-03,8,5,5
13,2014-01-04,5,5,5
14,2014-01-05,5,15,18
15,2014-01-06,18,15,8
16,2014-01-07,12,8,5
17,2014-01-08,73,41,15
18,2014-01-09,40,20,14
19,2014-01-10,20,12,8
20,2014-01-11,12,8,5
21,2014-01-12,6,5,5
22,2014-01-13,5,5,5
23,2014-01-14,5,5,15
24,2014-01-15,5,15,10
25,2014-01-16,12,10,5
26,2014-01-17,10,5,5
27,2014-01-18,5,5,8
28,2014-01-19,5,8,5
29,2014-01-20,8,5,5
30,2014-01-21,5,8,5
31,2014-01-22,8,5,5
32,2014-01-23,5,5,5
33,2014-01-24,5,5,8
34,2014-01-26,8,12,5
35,2014-01-27,5,10,12
36,2014-01-28,10,12,8
37,2014-01-29,12,8,5
38,2014-01-30,5,5,5
39,2014-01-31,5,17,12
40,2014-02-01,17,12,5
41,2014-02-02,8,8,5
42,2014-02-03,8,8,5
43,2014-02-04,5,5,5
44,2014-02-05,5,5,10
45,2014-02-06,8,15,10
46,2014-02-07,15,10,8
47,2014-02-08,12,8,5
48,2014-02-09,12,8,5
49,2014-02-10,8,5,5
50,2014-02-11,5,5,15
51,2014-02-12,5,25,40
52,2014-02-13,25,40,18
53,2014-02-14,40,18,12
54,2014-02-15,15,12,5
55,2014-02-16,12,5,5
56,2014-02-17,5,5,5
57,2014-02-18,5,5,15
58,2014-02-19,10,15,10
59,2014-02-20,20,12,12
60,2014-02-21,23,20,10
61,2014-02-22,20,10,8
62,2014-02-23,10,8,5
63,2014-02-24,8,5,7
64,2014-02-25,8,12,15
65,2014-02-26,18,15,8
66,2014-02-27,25,8,5
67,2014-02-28,8,5,5
68,2014-03-01,5,5,5
69,2014-03-02,5,5,5
70,2014-03-03,5,5,5
71,2014-03-04,5,5,5
72,2014-03-05,5,5,12
73,2014-03-06,5,12,10
74,2014-03-07,12,10,10
75,2014-03-08,12,10,8
76,2014-03-09,12,10,8
77,2014-03-10,8,5,5
78,2014-03-11,5,5,5
79,2014-03-12,5,5,5
80,2014-03-13,8,5,5
81,2014-03-14,5,8,8
82,2014-03-15,8,8,5
83,2014-03-16,8,8,5
84,2014-03-17,8,5,5
85,2014-03-18,5,5,5
86,2014-03-19,5,5,5
87,2014-03-20,5,5,8
88,2014-03-21,8,8,10
89,2014-03-22,8,10,8
90,2014-03-23,10,8,12
91,2014-03-24,8,12,5
92,2014-03-25,12,5,5
93,2014-03-26,5,5,5
94,2014-03-27,5,5,5
95,2014-03-28,5,5,5
96,2014-03-29,5,5,12
97,2014-03-30,5,12,28
98,2014-03-31,12,28,10
99,2014-04-01,20,10,5
100,2014-04-02,5,5,18
101,2014-04-03,14,20,8
102,2014-04-04,20,8,5
103,2014-04-05,8,5,5
104,2014-04-06,5,5,8
105,2014-04-07,5,5,5
106,2014-04-08,8,8,5
107,2014-04-09,8,5,10
108,2014-04-10,5,10,12
109,2014-04-11,10,12,8
110,2014-04-12,12,8,8
111,2014-04-13,8,8,5
112,2014-04-14,8,5,5
113,2014-04-15,5,8,8
114,2014-04-16,8,8,5
115,2014-04-17,8,12,20
116,2014-04-18,12,25,20
117,2014-04-19,35,25,10
118,2014-04-20,20,10,8
119,2014-04-21,15,8,8
120,2014-04-22,8,8,8
121,2014-04-23,8,8,5
122,2014-04-24,8,5,5
123,2014-04-25,5,5,5
124,2014-04-26,5,5,8
125,2014-04-27,5,8,8
126,2014-04-28,8,8,5
127,2014-04-29,8,5,5
128,2014-04-30,15,8,5
129,2014-05-01,5,5,8
130,2014-05-02,5,8,8
131,2014-05-03,10,8,5
132,2014-05-04,8,8,12
133,2014-05-05,8,12,8
134,2014-05-06,5,8,8
135,2014-05-07,8,8,12
136,2014-05-08,8,12,10
137,2014-05-09,12,10,8
138,2014-05-10,10,8,5
139,2014-05-11,8,5,10
140,2014-05-12,5,10,10
141,2014-05-13,8,10,8
142,2014-05-14,10,8,5
143,2014-05-15,7,5,5
144,2014-05-16,5,5,5
145,2014-05-17,5,5,5
146,2014-05-18,5,5,8
147,2014-05-19,5,8,8
148,2014-05-20,5,8,8
149,2014-05-21,8,8,5
150,2014-05-22,8,5,5
151,2014-05-23,10,5,8
152,2014-05-24,5,8,5
153,2014-05-25,8,5,5
154,2014-05-26,5,5,8
155,2014-05-27,5,8,5
156,2014-05-28,8,5,5
157,2014-05-29,5,5,8
158,2014-05-30,10,8,5
159,2014-05-31,8,5,8
160,2014-06-01,5,8,8
161,2014-06-02,8,8,5
162,2014-06-03,8,5,8
163,2014-06-04,5,8,10
164,2014-06-05,8,10,8
165,2014-06-06,10,8,5
166,2014-06-07,10,5,5
167,2014-06-08,15,5,5
168,2014-06-09,5,5,5
169,2014-06-10,5,5,18
170,2014-06-11,8,18,20
171,2014-06-12,18,20,10
172,2014-06-13,20,10,8
173,2014-06-14,12,10,5
174,2014-06-15,10,8,8
175,2014-06-16,8,8,5
176,2014-06-17,8,5,5
177,2014-06-18,5,5,5
178,2014-06-19,5,5,8
179,2014-06-20,5,18,15
180,2014-06-21,18,18,15
181,2014-06-22,18,15,15
182,2014-06-23,15,15,8
183,2014-06-24,5,5,8
184,2014-06-25,5,8,12
185,2014-06-26,8,12,8
186,2014-06-27,12,8,5
187,2014-06-28,8,5,5
188,2014-06-29,5,5,8
189,2014-06-30,5,8,8
190,2014-07-01,8,8,5
191,2014-07-02,5,5,5
192,2014-07-03,5,5,8
193,2014-07-04,8,8,5
194,2014-07-05,5,5,5
195,2014-07-06,5,5,8
196,2014-07-07,10,12,7
197,2014-07-08,12,7,7
198,2014-07-09,7,7,8
199,2014-07-10,5,5,10
200,2014-07-11,5,10,8
201,2014-07-12,10,8,12
202,2014-07-13,8,12,8
203,2014-07-14,12,8,8
204,2014-07-15,8,8,5
205,2014-07-16,5,5,5
206,2014-07-17,5,5,5
207,2014-07-18,5,5,8
208,2014-07-19,5,8,8
209,2014-07-20,8,8,5
210,2014-07-21,5,5,5
211,2014-07-22,5,5,8
212,2014-07-23,5,8,8
213,2014-07-24,8,8,5
214,2014-07-25,8,5,12
215,2014-07-26,5,12,10
216,2014-07-27,12,10,5
217,2014-07-28,8,5,5
218,2014-07-29,5,5,5
219,2014-07-30,5,5,8
220,2014-07-31,5,8,14
221,2014-08-01,10,14,10
222,2014-08-02,16,12,8
223,2014-08-03,12,8,5
224,2014-08-04,8,5,8
225,2014-08-05,5,8,8
226,2014-08-06,8,8,5
227,2014-08-07,8,5,8
228,2014-08-08,5,8,5
229,2014-08-09,8,5,5
230,2014-08-10,8,5,8
231,2014-08-11,5,8,5
232,2014-08-12,10,8,8
233,2014-08-13,8,5,5
234,2014-08-14,8,8,5
235,2014-08-15,8,5,5
236,2014-08-16,5,5,12
237,2014-08-17,5,12,14
238,2014-08-18,12,18,8
239,2014-08-19,25,8,8
240,2014-08-20,10,8,5
241,2014-08-21,8,5,5
242,2014-08-22,5,5,5
243,2014-08-23,5,5,15
244,2014-08-24,5,15,12
245,2014-08-25,15,20,12
246,2014-08-26,20,12,8
247,2014-08-27,25,10,8
248,2014-08-28,10,8,12
249,2014-08-29,8,14,12
250,2014-08-30,14,12,8
251,2014-08-31,12,8,8
252,2014-09-01,8,8,10
253,2014-09-02,8,10,8
254,2014-09-03,10,10,15
255,2014-09-04,10,18,12
256,2014-09-05,22,15,8
257,2014-09-06,18,8,5
258,2014-09-07,8,5,8
259,2014-09-08,8,8,5
260,2014-09-09,8,5,32
261,2014-09-10,5,32,18
262,2014-09-11,40,60,25
263,2014-09-12,62,25,12
264,2014-09-13,15,8,10
265,2014-09-14,5,10,8
266,2014-09-15,5,12,8
267,2014-09-16,12,8,10
268,2014-09-17,5,5,5
269,2014-09-18,5,5,5
270,2014-09-19,18,8,5
271,2014-09-20,8,5,8
272,2014-09-21,5,8,8
273,2014-09-22,10,10,10
274,2014-09-23,10,8,5
275,2014-09-24,18,12,12
276,2014-09-25,12,15,15
277,2014-09-26,15,15,12
278,2014-09-27,15,12,10
279,2014-09-28,10,10,8
280,2014-09-29,10,8,10
281,2014-09-30,10,9,5
282,2014-10-01,8,8,5
283,2014-10-02,8,5,8
284,2014-10-03,5,8,8
285,2014-10-04,10,8,5
286,2014-10-05,8,8,5
287,2014-10-06,5,5,5
288,2014-10-07,5,5,5
289,2014-10-08,5,5,8
290,2014-10-09,8,8,5
291,2014-10-10,8,5,5
292,2014-10-11,5,5,8
293,2014-10-12,5,8,8
294,2014-10-13,8,8,8
295,2014-10-14,12,8,8
296,2014-10-15,12,8,8
297,2014-10-16,8,8,8
298,2014-10-17,8,8,8
299,2014-10-18,10,12,15
300,2014-10-19,12,15,15
301,2014-10-20,18,15,15
302,2014-10-21,15,15,15
303,2014-10-22,15,15,10
304,2014-10-23,15,10,10
305,2014-10-24,10,10,12
306,2014-10-25,10,12,10
307,2014-10-26,12,10,10
308,2014-10-27,10,10,8
309,2014-10-28,10,14,8
310,2014-10-29,12,8,8
311,2014-10-30,8,8,8
312,2014-10-31,8,8,8
313,2014-11-01,12,12,8
314,2014-11-02,12,10,12
315,2014-11-03,10,12,8
316,2014-11-04,12,8,8
317,2014-11-05,8,10,8
318,2014-11-06,8,8,8
319,2014-11-07,8,8,10
320,2014-11-08,8,34,18
321,2014-11-09,34,18,8
322,2014-11-10,18,8,8
323,2014-11-11,5,5,5
324,2014-11-12,8,8,8
325,2014-11-13,8,8,12
326,2014-11-14,10,20,15
327,2014-11-15,20,15,12
328,2014-11-16,18,12,10
329,2014-11-17,10,10,12
330,2014-11-18,12,12,12
331,2014-11-19,12,12,10
332,2014-11-20,12,10,12
333,2014-11-21,12,12,12
334,2014-11-22,10,8,5
335,2014-11-23,8,5,5
336,2014-11-24,5,5,5
337,2014-11-25,8,8,5
338,2014-11-26,8,5,5
339,2014-11-27,5,5,5
340,2014-11-28,5,5,15
341,2014-11-29,5,15,12
342,2014-11-30,15,12,8
343,2014-12-01,12,8,8
344,2014-12-02,8,8,8
345,2014-12-03,8,8,8
346,2014-12-04,8,8,8
347,2014-12-05,8,10,8
348,2014-12-06,10,8,10
349,2014-12-07,15,10,8
350,2014-12-08,12,8,5
351,2014-12-09,8,8,5
352,2014-12-10,8,5,15
353,2014-12-11,5,15,16
354,2014-12-12,18,15,15
355,2014-12-14,8,12,10
356,2014-12-15,12,10,8
357,2014-12-16,10,8,8
358,2014-12-17,8,10,15
359,2014-12-18,10,15,10
360,2014-12-19,18,35,18
361,2014-12-20,35,18,8
362,2014-12-21,22,8,8
363,2014-12-22,15,8,8
364,2014-12-23,15,8,5
365,2014-12-24,10,5,8
366,2014-12-25,5,8,10
367,2014-12-26,8,10,10
368,2014-12-27,10,10,10
369,2014-12-28,10,10,10
370,2014-12-29,10,10,10
371,2014-12-30,15,15,15
372,2014-12-31,15,15,15
373,2015-01-01,10,15,15
374,2015-01-02,15,15,15
375,2015-01-03,15,15,10
376,2015-01-04,15,10,8
377,2015-01-05,15,8,18
378,2015-01-06,8,18,10
379,2015-01-07,20,15,10
380,2015-01-08,15,10,10
381,2015-01-09,10,12,10
382,2015-01-10,12,10,8
383,2015-01-11,10,8,5
384,2015-01-12,8,5,5
385,2015-01-13,5,15,10
386,2015-01-14,15,10,8
387,2015-01-15,12,10,15
388,2015-01-16,12,15,12
389,2015-01-17,15,12,10
390,2015-01-18,12,10,10
391,2015-01-19,8,8,8
392,2015-01-20,8,8,8
393,2015-01-21,15,15,15
394,2015-01-22,15,15,18
395,2015-01-23,8,18,18
396,2015-01-24,18,18,8
397,2015-01-25,5,5,8
398,2015-01-26,15,10,12
399,2015-01-27,10,12,15
400,2015-01-28,12,15,15
401,2015-01-29,15,15,15
402,2015-01-30,18,15,12
403,2015-01-31,18,15,12
404,2015-02-01,20,15,12
405,2015-02-02,15,12,10
406,2015-02-03,12,10,10
407,2015-02-04,10,10,10
408,2015-02-05,10,10,8
409,2015-02-06,8,8,8
410,2015-02-07,8,8,8
411,2015-02-08,10,8,8
412,2015-02-09,8,8,8
413,2015-02-10,8,8,8
414,2015-02-11,8,8,8
415,2015-02-12,8,8,12
416,2015-02-13,8,12,15
417,2015-02-14,12,15,10
418,2015-02-15,15,10,8
419,2015-02-16,15,10,5
420,2015-02-17,10,5,5
421,2015-02-18,8,5,5
422,2015-02-19,5,5,15
423,2015-02-20,8,15,12
424,2015-02-21,15,12,10
425,2015-02-22,10,8,8
426,2015-02-23,8,8,8
427,2015-02-24,12,10,8
428,2015-02-26,8,20,22
429,2015-02-27,15,22,20
430,2015-02-28,22,20,15
431,2015-03-01,25,15,10
432,2015-03-02,20,15,10
433,2015-03-03,10,8,8
434,2015-03-04,8,8,8
435,2015-03-05,8,8,12
436,2015-03-06,10,12,15
437,2015-03-07,12,15,10
438,2015-03-08,18,12,8
439,2015-03-09,8,8,8
440,2015-03-10,5,18,30
441,2015-03-11,18,30,18
442,2015-03-12,30,20,12
443,2015-03-13,20,15,10
444,2015-03-14,15,10,18
445,2015-03-15,8,15,20
446,2015-03-16,15,20,18
447,2015-03-17,35,18,8
448,2015-03-18,20,10,8
449,2015-03-19,18,8,20
450,2015-03-20,12,20,20
451,2015-03-21,20,20,10
452,2015-03-22,20,20,18
453,2015-03-23,20,18,8
454,2015-03-24,8,8,15
455,2015-03-25,8,15,25
456,2015-03-26,15,25,25
457,2015-03-27,25,25,15
458,2015-03-28,22,15,10
459,2015-03-29,29,29,15
460,2015-03-30,15,12,12
461,2015-03-31,12,12,18
462,2015-04-01,12,18,15
463,2015-04-02,18,15,8
464,2015-04-03,15,10,8
465,2015-04-04,10,8,8
466,2015-04-05,8,12,15
467,2015-04-06,8,8,12
468,2015-04-07,8,20,15
469,2015-04-08,20,15,8
470,2015-04-09,15,8,5
471,2015-04-10,18,8,5
472,2015-04-11,8,5,5
473,2015-04-12,5,5,5
474,2015-04-14,20,15,8
475,2015-04-15,15,8,8
476,2015-04-16,20,8,8
477,2015-04-17,15,8,12
478,2015-04-18,8,12,12
479,2015-04-19,12,35,27
480,2015-04-20,35,27,12
481,2015-04-21,25,15,8
482,2015-04-22,15,8,12
483,2015-04-23,8,12,8
484,2015-04-24,12,8,8
485,2015-04-25,8,8,10
486,2015-04-26,5,5,8
487,2015-04-27,5,8,10
488,2015-04-28,8,10,10
489,2015-04-29,10,10,8
490,2015-04-30,10,8,5
491,2015-05-01,8,5,5
492,2015-05-02,5,5,8
493,2015-05-03,5,8,15
494,2015-05-04,8,15,10
495,2015-05-05,15,10,5
496,2015-05-06,12,5,5
497,2015-05-07,5,5,5
498,2015-05-08,5,5,12
499,2015-05-09,5,12,25
500,2015-05-10,12,25,25
501,2015-05-11,25,25,12
502,2015-05-12,25,12,8
503,2015-05-13,20,12,8
504,2015-05-14,12,10,20
505,2015-05-15,10,20,15
506,2015-05-16,20,15,12
507,2015-05-17,15,12,5
508,2015-05-18,8,5,5
509,2015-05-19,12,8,5
510,2015-05-20,5,5,5
511,2015-05-21,5,5,5
512,2015-05-22,5,5,8
513,2015-05-23,5,5,5
514,2015-05-24,5,5,5
515,2015-05-25,5,5,8
516,2015-05-26,5,8,12
517,2015-05-27,8,12,8
518,2015-05-28,12,8,5
519,2015-05-29,8,5,5
520,2015-05-30,5,5,5
521,2015-05-31,5,5,5
522,2015-06-01,5,5,5
523,2015-06-02,5,5,5
524,2015-06-03,5,5,8
525,2015-06-04,5,8,12
526,2015-06-05,8,12,20
527,2015-06-06,12,20,30
528,2015-06-07,20,28,20
529,2015-06-08,20,8,5
530,2015-06-09,12,8,5
531,2015-06-10,8,20,14
532,2015-06-11,20,15,16
533,2015-06-12,15,16,10
534,2015-06-13,16,10,8
535,2015-06-14,12,8,5
536,2015-06-15,18,8,5
537,2015-06-16,8,5,5
538,2015-06-18,6,5,5
539,2015-06-19,5,8,25
540,2015-06-20,8,25,20
541,2015-06-21,60,42,15
542,2015-06-22,40,20,20
543,2015-06-23,40,80,25
544,2015-06-24,25,8,5
545,2015-06-25,15,45,60
546,2015-06-26,45,60,20
547,2015-06-27,12,8,5
548,2015-06-28,8,5,5
549,2015-06-29,5,8,5
550,2015-06-30,8,5,5
551,2015-07-01,5,5,5
552,2015-07-02,5,8,25
553,2015-07-03,8,30,18
554,2015-07-04,30,18,8
555,2015-07-05,12,5,5
556,2015-07-06,5,5,5
557,2015-07-07,5,5,12
558,2015-07-08,5,12,25
559,2015-07-09,12,25,18
560,2015-07-10,25,18,8
561,2015-07-11,15,8,8
562,2015-07-12,8,8,5
563,2015-07-13,18,8,5
564,2015-07-14,5,5,5
565,2015-07-15,5,5,5
566,2015-07-16,8,8,10
567,2015-07-17,8,10,10
568,2015-07-18,10,10,5
569,2015-07-19,10,5,5
570,2015-07-20,8,5,15
571,2015-07-21,5,15,10
572,2015-07-22,15,10,8
573,2015-07-23,15,12,8
574,2015-07-24,12,8,5
575,2015-07-25,8,5,10
576,2015-07-26,5,10,18
577,2015-07-27,10,16,10
578,2015-07-28,13,10,12
579,2015-07-29,8,18,24
580,2015-07-30,23,24,17
581,2015-07-31,24,16,12
582,2015-08-01,12,10,8
583,2015-08-02,10,8,5
584,2015-08-03,5,5,12
585,2015-08-04,6,12,20
586,2015-08-05,10,23,15
587,2015-08-06,23,15,20
588,2015-08-07,15,19,22
589,2015-08-08,19,22,12
590,2015-08-09,22,12,8
591,2015-08-10,8,5,5
592,2015-08-11,5,5,5
593,2015-08-12,5,5,5
594,2015-08-13,5,5,25
595,2015-08-14,5,25,18
596,2015-08-15,20,12,8
597,2015-08-16,20,15,8
598,2015-08-17,25,18,5
599,2015-08-18,10,5,5
600,2015-08-19,18,10,10
601,2015-08-20,12,12,28
602,2015-08-21,8,28,12
603,2015-08-22,28,28,20
604,2015-08-23,28,20,12
605,2015-08-24,12,8,18
606,2015-08-25,8,12,18
607,2015-08-26,20,18,12
608,2015-08-27,22,12,8
609,2015-08-28,25,12,8
610,2015-08-29,10,8,20
611,2015-08-30,8,20,22
612,2015-08-31,20,22,14
613,2015-09-01,22,14,10
614,2015-09-02,12,9,8
615,2015-09-03,8,10,9
616,2015-09-04,12,8,15
617,2015-09-05,8,12,8
618,2015-09-06,12,8,5
619,2015-09-07,30,12,8
620,2015-09-08,12,8,12
621,2015-09-09,28,16,27
622,2015-09-10,18,25,15
623,2015-09-11,40,25,15
624,2015-09-12,25,15,20
625,2015-09-13,12,20,12
626,2015-09-14,20,18,8
627,2015-09-15,12,8,8
628,2015-09-16,8,8,8
629,2015-09-17,8,12,16
630,2015-09-18,16,25,30
631,2015-09-19,30,30,18
632,2015-09-20,30,18,8
633,2015-09-21,10,12,8
634,2015-09-22,8,8,8
635,2015-09-23,8,15,15
636,2015-09-24,15,15,8
637,2015-09-25,15,8,8
638,2015-09-26,8,8,8
639,2015-09-27,7,7,7
640,2015-09-28,5,6,9
641,2015-09-29,8,9,18
642,2015-09-30,8,20,22
643,2015-10-01,22,24,33
644,2015-10-02,24,33,22
645,2015-10-03,33,18,12
646,2015-10-04,12,8,8
647,2015-10-05,8,14,36
648,2015-10-06,22,42,16
649,2015-10-07,48,18,12
650,2015-10-08,27,12,12
651,2015-10-09,12,12,20
652,2015-10-10,12,20,15
653,2015-10-11,20,15,18
654,2015-10-12,15,18,20
655,2015-10-13,30,30,30
656,2015-10-14,18,18,15
657,2015-10-15,18,15,12
658,2015-10-16,10,8,8
659,2015-10-17,8,8,5
660,2015-10-18,12,8,12
661,2015-10-19,5,12,10
662,2015-10-20,12,10,5
663,2015-10-21,10,5,5
664,2015-10-22,5,12,24
665,2015-10-23,20,24,8
666,2015-10-24,24,8,5
667,2015-10-25,10,5,8
668,2015-10-26,5,8,12
669,2015-10-27,8,12,12
670,2015-10-28,12,12,15
671,2015-10-29,12,12,8
672,2015-10-30,8,8,8
673,2015-10-31,8,65,50
674,2015-11-01,65,50,20
675,2015-11-02,62,21,12
676,2015-11-03,21,12,8
677,2015-11-04,18,12,8
678,2015-11-05,12,25,25
679,2015-11-06,25,20,18
680,2015-11-07,25,18,15
681,2015-11-08,25,18,12
682,2015-11-09,20,12,8
683,2015-11-10,18,30,15
684,2015-11-11,30,15,25
685,2015-11-12,15,20,12
686,2015-11-13,22,12,8
687,2015-11-14,8,8,8
688,2015-11-15,8,8,15
689,2015-11-16,10,25,15
690,2015-11-17,30,20,10
691,2015-11-18,18,10,8
692,2015-11-19,10,8,8
693,2015-11-20,8,8,8
694,2015-11-21,8,8,8
695,2015-11-22,5,5,15
696,2015-11-23,5,15,10
697,2015-11-24,15,10,8
698,2015-11-25,8,8,8
699,2015-11-26,8,8,5
700,2015-11-27,8,8,8
701,2015-11-28,8,12,25
702,2015-11-29,12,25,15
703,2015-11-30,22,10,5
704,2015-12-01,10,5,8
705,2015-12-02,5,8,6
706,2015-12-03,8,8,18
707,2015-12-04,8,18,25
708,2015-12-05,30,25,20
709,2015-12-06,25,20,15
710,2015-12-07,20,16,18
711,2015-12-08,13,32,28
712,2015-12-09,32,28,15
713,2015-12-10,22,16,12
714,2015-12-11,16,12,10
715,2015-12-12,10,8,18
716,2015-12-13,8,18,25
717,2015-12-14,25,18,12
718,2015-12-15,12,8,8
719,2015-12-16,5,5,5
720,2015-12-17,16,42,18
721,2015-12-18,42,18,8
722,2015-12-19,20,8,5
723,2015-12-20,20,10,5
724,2015-12-21,12,6,6
725,2015-12-22,6,10,12
726,2015-12-23,12,14,10
727,2015-12-24,12,10,8
728,2015-12-25,12,8,12
729,2015-12-26,16,12,10
730,2015-12-27,12,10,10
731,2015-12-28,10,32,26
732,2015-12-29,40,28,15
733,2015-12-30,46,24,18
734,2015-12-31,30,18,18
735,2016-01-01,18,18,12
736,2016-01-02,35,12,8
737,2016-01-03,15,8,20
738,2016-01-04,8,20,20
739,2016-01-05,20,20,12
740,2016-01-06,12,8,5
741,2016-01-07,8,5,5
742,2016-01-08,8,8,8
743,2016-01-09,5,5,18
744,2016-01-10,6,15,12
745,2016-01-11,18,12,8
746,2016-01-12,12,8,6
747,2016-01-13,8,6,6
748,2016-01-14,5,5,5
749,2016-01-15,5,5,8
750,2016-01-16,5,8,15
751,2016-01-17,8,15,10
752,2016-01-18,15,10,8
753,2016-01-19,10,8,12
754,2016-01-20,10,12,8
755,2016-01-21,12,8,8
756,2016-01-22,8,5,8
757,2016-01-23,8,8,15
758,2016-01-24,15,12,10
759,2016-01-25,15,12,8
760,2016-01-26,12,10,8
761,2016-01-27,12,10,8
762,2016-01-28,12,8,5
763,2016-01-29,6,6,6
764,2016-01-30,5,5,8
765,2016-01-31,8,8,15
766,2016-02-01,8,15,8
767,2016-02-02,15,8,6
768,2016-02-03,8,5,5
769,2016-02-04,6,5,8
770,2016-02-05,8,10,18
771,2016-02-06,10,18,12
772,2016-02-07,18,18,8
773,2016-02-08,16,8,10
774,2016-02-09,8,10,16
775,2016-02-10,9,15,10
776,2016-02-11,12,10,6
777,2016-02-12,10,12,27
778,2016-02-13,12,27,12
779,2016-02-14,27,12,20
780,2016-02-15,14,22,14
781,2016-02-16,22,14,12
782,2016-02-17,18,12,8
783,2016-02-18,20,12,8
784,2016-02-19,10,8,5
785,2016-02-20,5,5,5
786,2016-02-21,5,5,8
787,2016-02-22,5,8,8
788,2016-02-23,8,8,8
789,2016-02-24,8,8,8
790,2016-02-25,5,5,5
791,2016-02-26,5,5,5
792,2016-02-27,5,5,15
793,2016-02-28,5,15,12
794,2016-02-29,15,12,10
795,2016-03-01,8,8,8
796,2016-03-02,8,8,12
797,2016-03-03,12,15,20
798,2016-03-04,12,22,15
799,2016-03-05,20,15,10
800,2016-03-06,24,10,8
801,2016-03-07,10,8,5
802,2016-03-08,8,5,5
803,2016-03-09,5,5,10
804,2016-03-10,5,10,8
805,2016-03-11,15,8,8
806,2016-03-12,10,8,25
807,2016-03-13,5,25,22
808,2016-03-14,32,28,18
809,2016-03-15,22,14,8
810,2016-03-16,14,8,5
811,2016-03-17,16,8,6
812,2016-03-18,8,5,5
813,2016-03-19,5,5,8
814,2016-03-20,8,8,10
815,2016-03-21,8,10,8
816,2016-03-22,8,5,5
817,2016-03-23,5,5,8
818,2016-03-24,5,5,8
819,2016-03-25,5,10,12
820,2016-03-26,10,12,8
821,2016-03-27,12,8,5
822,2016-03-28,8,6,5
823,2016-03-29,8,5,10
824,2016-03-30,8,10,26
825,2016-03-31,10,26,18
826,2016-04-01,35,18,8
827,2016-04-02,18,8,16
828,2016-04-03,8,15,12
829,2016-04-04,14,10,12
830,2016-04-05,8,12,10
831,2016-04-06,14,12,9
832,2016-04-07,15,8,5
833,2016-04-08,8,5,5
834,2016-04-09,5,5,5
835,2016-04-10,8,8,18
836,2016-04-11,15,30,30
837,2016-04-12,30,30,12
838,2016-04-13,30,12,8
839,2016-04-14,12,8,8
840,2016-04-15,8,8,8
841,2016-04-16,10,8,12
842,2016-04-17,12,12,8
843,2016-04-18,12,8,5
844,2016-04-19,8,5,5
845,2016-04-20,5,5,12
846,2016-04-21,5,16,12
847,2016-04-22,16,12,10
848,2016-04-23,10,8,8
849,2016-04-24,8,8,5
850,2016-04-25,6,5,5
851,2016-04-26,5,5,14
852,2016-04-27,8,14,26
853,2016-04-28,14,26,20
854,2016-04-29,25,20,10
855,2016-04-30,15,10,5
856,2016-05-01,10,5,5
857,2016-05-02,10,5,5
858,2016-05-03,5,5,5
859,2016-05-04,5,5,12
860,2016-05-05,5,12,18
861,2016-05-06,15,18,25
862,2016-05-07,18,25,25
863,2016-05-08,37,25,15
864,2016-05-09,22,14,10
865,2016-05-29,20,12,5
866,2016-05-30,10,5,5
867,2016-05-31,6,5,8
868,2016-06-01,5,10,35
869,2016-06-02,10,35,32
870,2016-06-03,35,32,15
871,2016-06-04,42,15,8
872,2016-06-05,20,8,5
873,2016-06-06,10,6,5
874,2016-06-07,6,5,8
875,2016-06-08,5,8,12
876,2016-06-09,8,14,18
877,2016-06-10,20,16,10
878,2016-06-11,12,8,5
879,2016-06-12,8,5,8
880,2016-06-13,6,12,10
881,2016-06-14,23,10,8
882,2016-06-15,18,12,8
883,2016-06-16,8,5,5
884,2016-06-17,8,5,5
885,2016-06-18,5,5,5
886,2016-06-19,5,5,5
887,2016-06-20,5,5,10
888,2016-06-21,5,10,15
889,2016-06-22,12,15,8
890,2016-06-23,8,12,8
891,2016-06-24,12,10,5
892,2016-06-25,9,5,5
893,2016-06-26,8,5,5
894,2016-06-27,5,5,15
895,2016-06-28,5,15,10
896,2016-06-29,15,10,25
897,2016-06-30,12,30,25
898,2016-07-01,25,25,10
899,2016-07-02,25,10,5
900,2016-07-03,10,5,5
901,2016-07-04,5,5,5
902,2016-07-05,5,15,12
903,2016-07-06,18,15,10
904,2016-07-07,15,10,8
905,2016-07-08,20,8,20
906,2016-07-09,16,20,12
907,2016-07-10,20,12,8
908,2016-07-11,12,15,15
909,2016-07-12,15,15,10
910,2016-07-31,8,32,20
911,2016-08-01,32,20,15
912,2016-08-02,20,15,12
913,2016-08-03,15,15,10
914,2016-08-04,15,10,10
915,2016-08-05,10,10,20
916,2016-08-06,10,20,8
917,2016-08-07,20,8,12
918,2016-08-08,12,12,10
919,2016-08-09,12,10,8
920,2016-08-10,12,8,5
921,2016-08-11,8,5,5
922,2016-08-12,8,8,12
923,2016-08-13,5,12,18
924,2016-08-14,12,18,10
925,2016-08-15,16,8,8
926,2016-08-16,10,8,10
927,2016-08-17,8,10,14
928,2016-08-18,10,14,8
929,2016-08-19,15,8,5
930,2016-08-20,8,5,8
931,2016-08-21,7,8,12
932,2016-08-22,8,12,12
933,2016-08-23,16,12,8
934,2016-08-24,10,6,5
935,2016-08-25,8,5,8
936,2016-08-26,5,8,30
937,2016-08-27,5,25,22
938,2016-08-28,20,18,10
939,2016-08-29,18,18,15
940,2016-08-30,18,15,12
941,2016-08-31,15,12,12
942,2016-09-01,15,12,12
943,2016-09-02,12,12,12
944,2016-09-03,30,18,12
945,2016-09-04,20,12,10
946,2016-09-05,12,10,10
947,2016-09-06,10,8,5
948,2016-09-07,8,5,5
949,2016-09-08,8,8,10
950,2016-09-09,5,12,14
951,2016-09-10,12,15,8
952,2016-09-11,15,8,8
953,2016-09-12,8,8,5
954,2016-09-13,6,8,8
955,2016-09-14,8,8,8
956,2016-09-15,8,8,5
957,2016-09-16,5,5,18
958,2016-09-17,5,18,20
959,2016-09-18,18,20,12
960,2016-09-19,20,12,8
961,2016-09-20,12,8,8
962,2016-09-21,8,8,5
963,2016-09-22,5,5,8
964,2016-09-23,5,8,18
965,2016-09-24,8,18,12
966,2016-09-25,18,12,35
967,2016-09-26,12,40,40
968,2016-09-27,40,44,38
969,2016-09-28,44,38,30
970,2016-09-29,38,30,20
971,2016-09-30,30,21,18
972,2016-10-01,18,12,12
973,2016-10-02,12,15,10
974,2016-10-03,15,10,5
975,2016-10-04,12,6,5
976,2016-10-05,7,5,5
977,2016-10-06,5,5,5
978,2016-10-07,5,5,5
979,2016-10-08,5,5,5
980,2016-10-09,5,8,8
981,2016-10-10,8,8,18
982,2016-10-11,5,18,18
983,2016-10-12,18,30,15
984,2016-10-13,45,25,15
985,2016-10-14,15,18,15
986,2016-10-15,18,15,12
987,2016-10-16,26,12,8
988,2016-10-17,12,8,5
989,2016-10-18,8,5,5
990,2016-10-19,5,5,20
991,2016-10-20,5,22,24
992,2016-10-21,22,24,40
993,2016-10-22,24,40,44
994,2016-10-23,32,44,40
995,2016-10-24,40,40,24
996,2016-10-25,40,24,20
997,2016-10-26,30,24,18
998,2016-10-27,24,18,16
999,2016-10-28,20,15,15
1000,2016-10-29,15,15,12
1001,2016-10-30,15,12,8
1002,2016-10-31,10,8,8
1003,2016-11-01,8,8,10
1004,2016-11-02,8,10,8
1005,2016-11-03,10,8,5
1006,2016-11-04,8,5,5
1007,2016-11-05,5,5,20
1008,2016-11-06,8,20,8
1009,2016-11-07,20,12,10
1010,2016-11-08,12,10,12
1011,2016-11-09,8,14,26
1012,2016-11-10,26,20,18
1013,2016-11-11,20,18,12
1014,2016-11-12,18,12,8
1015,2016-11-13,15,10,5
1016,2016-11-14,10,5,5
1017,2016-11-15,5,5,5
1018,2016-11-16,5,5,14
1019,2016-11-17,5,16,18
1020,2016-11-18,15,18,12
1021,2016-11-19,15,8,40
1022,2016-11-20,8,20,35
1023,2016-11-21,20,35,30
1024,2016-11-22,35,30,20
1025,2016-11-23,22,20,12
1026,2016-11-24,20,12,10
1027,2016-11-25,15,10,8
1028,2016-11-26,10,8,8
1029,2016-11-27,8,8,8
1030,2016-11-28,8,8,5
1031,2016-11-29,8,5,5
1032,2016-11-30,5,5,5
1033,2016-12-01,5,5,10
1034,2016-12-02,5,10,8
1035,2016-12-03,10,8,5
1036,2016-12-04,8,5,12
1037,2016-12-05,8,15,15
1038,2016-12-06,20,20,20
1039,2016-12-07,20,20,18
1040,2016-12-08,20,18,12
1041,2016-12-09,24,12,8
1042,2016-12-10,12,8,5
1043,2016-12-11,8,5,5
1044,2016-12-12,5,5,5
1045,2016-12-13,5,5,8
1046,2016-12-14,5,5,5
1047,2016-12-15,5,8,8
1048,2016-12-16,8,8,15
1049,2016-12-17,8,15,15
1050,2016-12-18,15,15,25
1051,2016-12-19,15,25,30
1052,2016-12-20,25,30,12
1053,2016-12-21,30,12,12
1054,2016-12-22,12,12,8
1055,2016-12-23,12,8,5
1056,2016-12-24,8,5,5
1057,2016-12-25,12,5,5
1058,2016-12-26,8,5,5
1059,2016-12-27,5,5,12
1060,2016-12-28,5,12,24
1061,2016-12-29,10,24,18
1062,2016-12-30,20,18,10
1063,2016-12-31,20,10,12
1064,2017-01-01,10,12,18
1065,2017-01-02,14,24,28
1066,2017-01-03,30,28,20
1067,2017-01-04,25,18,15
1068,2017-01-05,18,14,10
1069,2017-01-06,18,10,5
1070,2017-01-07,12,8,5
1071,2017-01-08,8,5,12
1072,2017-01-09,10,8,12
1073,2017-01-10,8,10,10
1074,2017-01-11,10,8,8
1075,2017-01-12,8,8,5
1076,2017-01-13,8,8,8
1077,2017-01-14,5,5,8
1078,2017-01-15,5,8,25
1079,2017-01-16,8,25,20
1080,2017-01-17,25,20,18
1081,2017-01-18,20,18,18
1082,2017-01-19,15,12,10
1083,2017-01-20,12,8,5
1084,2017-01-21,8,5,5
1085,2017-01-22,8,5,5
1086,2017-01-23,5,5,5
1087,2017-01-24,5,5,12
1088,2017-01-25,5,12,15
1089,2017-01-26,15,15,8
1090,2017-01-27,15,10,12
1091,2017-01-28,12,12,20
1092,2017-01-29,10,25,20
1093,2017-01-30,25,20,18
1094,2017-01-31,20,18,15
1095,2017-02-01,18,16,14
1096,2017-02-02,16,14,12
1097,2017-02-03,14,12,10
1098,2017-02-04,10,8,12
1099,2017-02-05,10,12,12
1100,2017-02-06,12,12,8
1101,2017-02-07,12,8,5
1102,2017-02-08,7,5,5
1103,2017-02-09,5,5,5
1104,2017-02-10,5,5,5
1105,2017-02-11,5,5,8
1106,2017-02-12,5,8,12
1107,2017-02-13,8,13,10
1108,2017-02-14,12,10,12
1109,2017-02-15,10,12,10
1110,2017-02-16,12,10,8
1111,2017-02-17,12,10,10
1112,2017-02-18,12,10,10
1113,2017-02-19,10,10,12
1114,2017-02-20,10,16,20
1115,2017-02-21,15,20,14
1116,2017-02-22,18,12,8
1117,2017-02-23,18,12,8
1118,2017-02-24,12,8,5
1119,2017-02-25,8,5,12
1120,2017-02-26,5,12,25
1121,2017-02-27,12,25,20
1122,2017-02-28,30,20,15
1123,2017-03-01,22,16,12
1124,2017-03-02,22,14,10
1125,2017-03-03,20,10,5
1126,2017-03-04,12,8,5
1127,2017-03-05,8,5,5
1128,2017-03-06,14,10,8
1129,2017-03-07,10,8,5
1130,2017-03-08,8,5,5
1131,2017-03-09,10,10,8
1132,2017-03-10,10,8,8
1133,2017-03-11,5,5,5
1134,2017-03-12,8,8,8
1135,2017-03-13,5,5,5
1136,2017-03-14,5,5,8
1137,2017-03-15,5,10,8
1138,2017-03-16,10,8,5
1139,2017-03-17,8,5,5
1140,2017-03-18,5,5,8
1141,2017-03-19,5,8,12
1142,2017-03-20,8,12,20
1143,2017-03-21,22,18,14
1144,2017-03-22,20,14,8
1145,2017-03-23,18,8,8
1146,2017-03-24,8,12,25
1147,2017-03-25,12,25,40
1148,2017-03-26,25,40,35
1149,2017-03-27,45,35,24
1150,2017-03-28,30,24,20
1151,2017-03-29,24,20,16
1152,2017-03-30,20,20,20
1153,2017-03-31,25,22,18
1154,2017-04-01,15,15,12
1155,2017-04-02,8,7,6
1156,2017-04-03,5,6,8
1157,2017-04-04,10,8,12
1158,2017-04-05,8,8,8
1159,2017-04-06,8,8,5
1160,2017-04-07,8,5,5
1161,2017-04-08,12,8,8
1162,2017-04-09,12,8,8
1163,2017-04-10,8,8,5
1164,2017-04-11,8,5,5
1165,2017-04-12,5,8,10
1166,2017-04-13,8,10,8
1167,2017-04-14,10,8,20
1168,2017-04-15,10,20,15
1169,2017-04-16,20,15,18
1170,2017-04-17,20,18,15
1171,2017-04-18,15,15,8
1172,2017-04-19,15,8,8
1173,2017-04-20,12,8,40
1174,2017-04-21,25,40,30
1175,2017-04-22,40,30,20
1176,2017-04-23,30,20,20
1177,2017-04-24,20,20,18
1178,2017-04-25,16,14,12
1179,2017-04-26,10,8,5
1180,2017-04-27,8,5,5
1181,2017-04-28,5,8,12
1182,2017-04-29,8,12,8
1183,2017-04-30,12,8,12
1184,2017-05-01,8,12,12
1185,2017-05-02,12,12,8
1186,2017-05-03,12,8,8
1187,2017-05-04,15,5,5
1188,2017-05-05,14,8,5
1189,2017-05-06,5,5,5
1190,2017-05-07,8,5,15
1191,2017-05-08,5,15,13
1192,2017-05-09,15,10,10
1193,2017-05-10,8,8,5
1194,2017-05-11,8,5,5
1195,2017-05-12,5,5,10
1196,2017-05-13,5,10,18
1197,2017-05-14,12,22,32
1198,2017-05-15,20,30,30
1199,2017-05-16,30,30,50
1200,2017-05-17,20,45,30
1201,2017-05-18,45,30,20
1202,2017-05-19,30,20,12
1203,2017-05-20,20,12,8
1204,2017-05-21,12,8,8
1205,2017-05-22,8,8,5
1206,2017-05-23,8,5,12
1207,2017-05-24,5,12,12
1208,2017-05-25,12,20,10
1209,2017-05-26,20,10,5
1210,2017-05-27,15,8,5
1211,2017-05-28,12,5,5
1212,2017-05-29,8,5,5
1213,2017-05-30,5,5,12
1214,2017-05-31,5,10,14
1215,2017-06-01,10,15,8
1216,2017-06-02,15,8,5
1217,2017-06-03,15,5,5
1218,2017-06-04,5,5,5
1219,2017-06-05,5,5,5
1220,2017-06-06,5,5,5
1221,2017-06-07,5,5,5
1222,2017-06-08,5,5,5
1223,2017-06-09,5,5,8
1224,2017-06-10,5,8,10
1225,2017-06-11,15,12,8
1226,2017-06-12,10,8,15
1227,2017-06-13,8,15,25
1228,2017-06-14,15,25,15
1229,2017-06-15,25,12,10
1230,2017-06-16,14,10,8
1231,2017-06-17,10,8,5
1232,2017-06-18,10,5,5
1233,2017-06-19,5,5,8
1234,2017-06-20,5,8,12
1235,2017-06-21,8,12,12
1236,2017-06-22,12,12,10
1237,2017-06-23,12,10,8
1238,2017-06-24,8,5,5
1239,2017-06-25,10,5,10
1240,2017-06-26,5,5,10
1241,2017-06-27,5,10,10
1242,2017-06-28,10,8,5
1243,2017-06-29,5,5,12
1244,2017-06-30,5,12,20
1245,2017-07-01,23,23,11
1246,2017-07-02,19,11,7
1247,2017-07-03,12,8,8
1248,2017-07-04,8,8,5
1249,2017-07-05,5,5,5
1250,2017-07-06,5,8,25
1251,2017-07-07,8,25,18
1252,2017-07-08,25,18,12
1253,2017-07-09,18,12,15
1254,2017-07-10,12,15,10
1255,2017-07-11,8,5,15
1256,2017-07-12,5,15,12
1257,2017-07-13,8,18,10
1258,2017-07-14,15,35,45
1259,2017-07-15,35,45,18
1260,2017-07-16,30,12,8
1261,2017-07-17,12,8,8
1262,2017-07-18,8,8,12
1263,2017-07-19,5,8,12
1264,2017-07-20,8,12,8
1265,2017-07-21,12,8,5
1266,2017-07-22,12,8,5
1267,2017-07-23,8,5,5
1268,2017-07-24,8,5,5
1269,2017-07-25,8,5,5
1270,2017-07-26,8,8,5
1271,2017-07-27,7,5,5
1272,2017-07-28,5,5,12
1273,2017-07-29,5,12,10
1274,2017-07-30,12,10,8
1275,2017-07-31,5,8,5
1276,2017-08-01,8,5,5
1277,2017-08-02,5,25,25
1278,2017-08-03,25,25,12
1279,2017-08-04,20,12,8
1280,2017-08-05,12,8,10
1281,2017-08-06,8,10,8
1282,2017-08-07,8,6,5
1283,2017-08-08,5,5,8
1284,2017-08-09,5,8,15
1285,2017-08-10,8,15,12
1286,2017-08-11,15,12,8
1287,2017-08-12,12,8,5
1288,2017-08-13,8,5,10
1289,2017-08-14,5,16,26
1290,2017-08-15,16,26,20
1291,2017-08-16,26,20,16
1292,2017-08-17,24,18,16
1293,2017-08-18,18,15,12
1294,2017-08-19,22,15,12
1295,2017-08-20,18,12,8
1296,2017-08-21,12,8,5
1297,2017-08-22,12,8,5
1298,2017-08-23,14,8,5
1299,2017-08-24,8,5,5
1300,2017-08-25,5,5,8
1301,2017-08-26,5,8,8
1302,2017-08-27,10,8,15
1303,2017-08-28,8,15,30
1304,2017-08-29,20,30,35
1305,2017-08-30,30,35,20
1306,2017-08-31,24,16,12
1307,2017-09-01,16,12,10
1308,2017-09-02,15,10,8
1309,2017-09-03,10,8,5
1310,2017-09-04,10,5,5
1311,2017-09-05,40,48,24
1312,2017-09-06,45,65,50
1313,2017-09-07,65,50,30
1314,2017-09-08,30,10,8
1315,2017-09-09,8,8,5
1316,2017-09-10,7,12,30
1317,2017-09-11,12,36,32
1318,2017-09-12,36,32,30
1319,2017-09-13,28,26,20
1320,2017-09-14,30,20,12
1321,2017-09-15,25,15,15
1322,2017-09-16,20,15,12
1323,2017-09-17,15,12,10
1324,2017-09-18,14,12,8
1325,2017-09-19,12,8,5
1326,2017-09-20,8,5,8
1327,2017-09-21,5,8,12
1328,2017-09-22,8,12,16
1329,2017-09-23,12,16,8
1330,2017-09-24,16,8,25
1331,2017-09-25,5,25,32
1332,2017-09-26,28,32,24
1333,2017-09-27,32,26,14
1334,2017-09-28,28,18,14
1335,2017-09-29,16,14,12
1336,2017-09-30,14,12,8
1337,2017-10-01,8,5,5
1338,2017-10-02,5,5,5
1339,2017-10-03,5,5,5
1340,2017-10-04,5,5,10
1341,2017-10-05,5,10,12
1342,2017-10-06,10,12,8
1343,2017-10-07,5,5,8
1344,2017-10-08,5,8,25
1345,2017-10-09,8,25,30
1346,2017-10-10,30,30,35
1347,2017-10-11,30,35,25
1348,2017-10-12,35,25,20
1349,2017-10-13,35,20,10
1350,2017-10-14,20,10,8
1351,2017-10-15,18,10,12
1352,2017-10-16,10,12,12
1353,2017-10-17,8,8,5
1354,2017-10-18,5,5,10
1355,2017-10-19,8,8,10
1356,2017-10-20,10,10,5
1357,2017-10-21,10,5,18
1358,2017-10-22,5,18,45
1359,2017-10-23,22,45,35
1360,2017-10-24,40,30,18
1361,2017-10-25,24,16,12
1362,2017-10-26,16,12,8
1363,2017-10-27,8,5,5
1364,2017-10-28,5,5,5
1365,2017-10-29,5,5,5
1366,2017-10-30,5,6,15
1367,2017-10-31,8,14,12
1368,2017-11-01,12,8,6
1369,2017-11-02,8,5,5
1370,2017-11-03,8,5,8
1371,2017-11-04,5,10,27
1372,2017-11-05,10,27,30
1373,2017-11-06,28,30,36
1374,2017-11-07,32,36,28
1375,2017-11-08,38,30,26
1376,2017-11-09,28,24,12
1377,2017-11-10,20,10,8
1378,2017-11-11,8,8,15
1379,2017-11-12,5,15,18
1380,2017-11-13,16,18,12
1381,2017-11-14,15,12,15
1382,2017-11-15,12,14,12
1383,2017-11-16,14,10,15
1384,2017-11-17,8,18,18
1385,2017-11-18,18,18,18
1386,2017-11-19,18,18,15
1387,2017-11-20,18,15,8
1388,2017-11-21,18,8,5
1389,2017-11-22,8,5,5
1390,2017-11-23,8,5,5
1391,2017-11-24,10,5,15
1392,2017-11-25,5,15,12
1393,2017-11-26,15,12,20
1394,2017-11-27,10,24,16
1395,2017-11-28,24,16,8
1396,2017-11-29,10,6,5
1397,2017-11-30,5,5,5
1398,2017-12-01,5,5,32
1399,2017-12-02,5,32,48
1400,2017-12-03,32,48,18
1401,2017-12-04,34,18,12
1402,2017-12-05,18,12,8
1403,2017-12-06,12,8,5
1404,2017-12-07,8,5,5
1405,2017-12-08,5,5,14
1406,2017-12-09,5,14,16
1407,2017-12-10,14,16,14
1408,2017-12-11,16,14,8
1409,2017-12-12,12,8,5
1410,2017-12-13,8,5,5
1411,2017-12-14,5,5,12
1412,2017-12-15,5,12,26
1413,2017-12-16,12,26,22
1414,2017-12-17,22,20,16
1415,2017-12-18,15,12,8
1416,2017-12-19,5,5,8
1417,2017-12-20,5,8,8
1418,2017-12-21,8,8,5
1419,2017-12-22,5,12,12
1420,2017-12-23,12,12,8
1421,2017-12-24,12,8,5
1422,2017-12-25,8,5,5
1423,2017-12-26,10,8,5
1424,2017-12-27,6,5,5
1425,2017-12-28,5,5,10
1426,2017-12-29,5,10,25
1427,2017-12-30,10,25,15
1428,2017-12-31,25,15,8
1429,2018-01-01,10,6,5
1430,2018-01-02,5,5,5
1431,2018-01-03,5,5,5
1432,2018-01-04,5,5,8
1433,2018-01-05,5,8,12
1434,2018-01-06,8,12,8
1435,2018-01-07,12,8,5
1436,2018-01-08,10,6,6
1437,2018-01-09,6,6,5
1438,2018-01-10,5,5,14
1439,2018-01-11,5,15,12
1440,2018-01-12,15,12,8
1441,2018-01-13,15,10,5
1442,2018-01-14,10,5,5
1443,2018-01-15,5,5,5
1444,2018-01-16,5,5,8
1445,2018-01-17,5,8,15
1446,2018-01-18,8,15,12
1447,2018-01-19,15,12,10
1448,2018-01-20,12,10,10
1449,2018-01-21,10,10,8
1450,2018-01-22,8,5,5
1451,2018-01-23,5,5,5
1452,2018-01-24,8,8,8
1453,2018-01-25,8,8,5
1454,2018-01-26,8,5,8
1455,2018-01-27,5,8,10
1456,2018-01-28,8,8,8
1457,2018-01-29,8,8,5
1458,2018-01-30,8,5,5
1459,2018-01-31,6,5,5
1460,2018-02-01,5,5,10
1461,2018-02-02,5,10,8
1462,2018-02-03,10,8,5
1463,2018-02-04,8,5,5
1464,2018-02-05,8,5,5
1465,2018-02-06,5,8,10
1466,2018-02-07,8,10,8
1467,2018-02-08,8,5,5
1468,2018-02-09,5,5,5
1469,2018-02-10,5,5,5
1470,2018-02-11,5,5,5
1471,2018-02-12,5,8,28
1472,2018-02-13,12,28,20
1473,2018-02-14,28,20,15
1474,2018-02-15,18,12,10
1475,2018-02-16,14,12,8
1476,2018-02-17,12,10,12
1477,2018-02-18,14,12,8
1478,2018-02-19,12,8,8
1479,2018-02-20,8,12,8
1480,2018-02-21,8,8,8
1481,2018-02-22,12,8,8
1482,2018-02-23,10,14,24
1483,2018-02-24,14,24,8
1484,2018-02-25,24,12,5
1485,2018-02-26,12,8,5
1486,2018-02-27,12,8,5
1487,2018-02-28,5,5,5
1488,2018-03-01,5,5,8
1489,2018-03-02,5,8,5
1490,2018-03-03,8,5,5
1491,2018-03-04,5,5,5
1492,2018-03-05,5,5,8
1493,2018-03-06,5,8,12
1494,2018-03-07,8,12,10
1495,2018-03-08,12,10,5
1496,2018-03-09,8,5,5
1497,2018-03-10,12,5,5
1498,2018-03-12,8,18,18
1499,2018-03-13,18,18,14
1500,2018-03-14,18,15,15
1501,2018-03-15,15,15,15
1502,2018-03-16,15,15,10
1503,2018-03-17,12,8,12
1504,2018-03-18,21,12,18
1505,2018-03-19,12,18,20
1506,2018-03-20,16,20,18
1507,2018-03-21,18,16,18
1508,2018-03-22,8,22,24
1509,2018-03-23,25,25,18
1510,2018-03-24,25,18,8
1511,2018-03-25,18,10,5
1512,2018-03-26,10,5,15
1513,2018-03-27,5,15,12
1514,2018-03-28,15,12,8
1515,2018-03-29,10,8,5
1516,2018-03-30,8,5,5
1517,2018-03-31,5,5,5
1518,2018-04-01,5,5,5
1519,2018-04-02,5,5,8
1520,2018-04-03,5,8,8
1521,2018-04-04,10,8,5
1522,2018-04-05,8,5,5
1523,2018-04-06,5,5,5
1524,2018-04-07,5,5,15
1525,2018-04-08,8,18,18
1526,2018-04-09,18,18,15
1527,2018-04-10,20,18,15
1528,2018-04-11,18,15,15
1529,2018-04-12,15,12,8
1530,2018-04-13,8,5,5
1531,2018-04-14,5,5,5
1532,2018-04-15,5,5,5
1533,2018-04-16,5,5,12
1534,2018-04-17,8,12,10
1535,2018-04-18,12,10,5
1536,2018-04-19,15,12,8
1537,2018-04-20,25,10,5
1538,2018-04-21,10,5,5
1539,2018-04-22,5,5,5
1540,2018-04-23,5,5,8
1541,2018-04-24,5,8,12
1542,2018-04-25,8,12,5
1543,2018-04-26,12,5,5
1544,2018-04-27,5,5,5
1545,2018-04-28,5,5,5
1546,2018-04-29,5,5,5
1547,2018-04-30,5,5,5
1548,2018-05-01,5,5,5
1549,2018-05-02,5,5,5
1550,2018-05-03,5,5,22
1551,2018-05-04,5,22,20
1552,2018-05-05,24,20,16
1553,2018-05-06,20,16,12
1554,2018-05-07,16,12,8
1555,2018-05-08,12,8,5
1556,2018-05-09,12,5,5
1557,2018-05-10,8,5,5
1558,2018-05-11,10,5,5
1559,2018-05-12,8,5,5
1560,2018-05-13,5,5,5
1561,2018-05-14,5,5,18
1562,2018-05-15,8,18,14
1563,2018-05-16,18,14,8
1564,2018-05-17,12,8,5
1565,2018-05-18,5,5,5
1566,2018-05-19,5,5,5
1567,2018-05-20,5,5,15
1568,2018-05-21,12,12,8
1569,2018-05-22,12,12,8
1570,2018-05-23,10,8,5
1571,2018-05-24,5,5,5
1572,2018-05-25,5,5,8
1573,2018-05-26,5,8,8
1574,2018-05-27,8,8,5
1575,2018-05-28,6,5,5
1576,2018-05-29,5,5,16
1577,2018-05-30,5,16,26
1578,2018-05-31,25,25,15
1579,2018-06-01,25,15,12
1580,2018-06-02,12,10,8
1581,2018-06-03,10,8,5
1582,2018-06-04,8,5,5
1583,2018-06-05,5,5,5
1584,2018-06-06,8,5,5
1585,2018-06-07,5,5,5
1586,2018-06-08,5,5,5
1587,2018-06-09,5,5,8
1588,2018-06-10,5,8,8
1589,2018-06-11,8,8,5
1590,2018-06-12,8,5,5
1591,2018-06-13,5,5,5
1592,2018-06-14,5,5,5
1593,2018-06-15,5,5,8
1594,2018-06-16,5,8,8
1595,2018-06-17,8,8,5
1596,2018-06-18,10,8,5
1597,2018-06-19,8,5,5
1598,2018-06-20,5,5,5
1599,2018-06-21,5,5,12
1600,2018-06-22,5,10,8
1601,2018-06-23,12,8,5
1602,2018-06-24,8,10,25
1603,2018-06-25,12,25,18
1604,2018-06-26,20,15,10
1605,2018-06-27,10,8,5
1606,2018-06-28,8,8,8
1607,2018-06-29,8,8,8
1608,2018-06-30,8,8,5
1609,2018-07-01,5,5,5
1610,2018-07-02,5,5,5
1611,2018-07-03,5,5,5
1612,2018-07-04,5,5,5
1613,2018-07-05,10,5,5
1614,2018-07-06,5,5,8
1615,2018-07-07,5,12,8
1616,2018-07-08,12,8,5
1617,2018-07-09,12,8,5
1618,2018-07-10,8,5,5
1619,2018-07-11,5,5,5
1620,2018-07-12,5,5,8
1621,2018-07-13,5,8,8
1622,2018-07-14,8,8,5
1623,2018-07-15,8,5,5
1624,2018-07-16,5,5,5
1625,2018-07-17,5,5,15
1626,2018-07-18,5,15,8
1627,2018-07-19,15,8,12
1628,2018-07-20,8,8,10
1629,2018-07-21,8,10,25
1630,2018-07-22,10,25,15
1631,2018-07-23,20,15,10
1632,2018-07-24,15,10,10
1633,2018-07-25,5,5,5
1634,2018-07-26,5,5,5
1635,2018-07-27,5,5,5
1636,2018-07-28,5,5,5
1637,2018-07-29,5,5,5
1638,2018-07-30,5,5,5
1639,2018-07-31,5,5,5
1640,2018-08-01,5,5,8
1641,2018-08-02,8,10,10
1642,2018-08-03,8,10,10
1643,2018-08-04,10,10,12
1644,2018-08-05,8,12,12
1645,2018-08-06,8,5,5
1646,2018-08-07,8,5,8
1647,2018-08-08,5,8,12
1648,2018-08-09,5,5,8
1649,2018-08-10,5,8,10
1650,2018-08-11,12,8,5
1651,2018-08-12,8,5,5
1652,2018-08-13,5,12,15
1653,2018-08-14,12,15,8
1654,2018-08-15,15,10,5
1655,2018-08-16,10,5,5
1656,2018-08-17,8,5,20
1657,2018-08-18,8,20,18
1658,2018-08-19,20,18,12
1659,2018-08-20,18,12,12
1660,2018-08-21,10,8,8
1661,2018-08-22,5,10,12
1662,2018-08-23,8,12,8
1663,2018-08-24,12,8,5
1664,2018-08-25,18,5,5
1665,2018-08-26,16,8,8
1666,2018-08-27,10,8,8
1667,2018-08-28,8,8,5
1668,2018-08-29,8,5,5
1669,2018-08-30,5,5,5
1670,2018-08-31,5,5,8
1671,2018-09-01,5,8,5
1672,2018-09-02,8,5,5
1673,2018-09-03,5,5,7
1674,2018-09-04,5,8,12
1675,2018-09-05,8,12,10
1676,2018-09-06,12,10,5
1677,2018-09-07,10,5,5
1678,2018-09-08,5,12,25
1679,2018-09-09,12,35,15
1680,2018-09-10,35,15,12
1681,2018-09-11,16,12,12
1682,2018-09-12,12,8,5
1683,2018-09-13,8,8,10
1684,2018-09-14,10,16,12
1685,2018-09-15,16,12,8
1686,2018-09-16,16,8,5
1687,2018-09-17,10,5,5
1688,2018-09-18,5,5,5
1689,2018-09-19,5,5,16
1690,2018-09-20,5,10,22
1691,2018-09-21,10,22,16
1692,2018-09-22,24,16,8
1693,2018-09-23,15,10,8
1694,2018-09-24,10,8,5
1695,2018-09-25,8,5,5
1696,2018-09-26,5,5,5
1697,2018-09-27,5,5,5
1698,2018-09-28,5,5,12
1699,2018-09-29,5,12,8
1700,2018-09-30,12,8,5
1701,2018-10-01,12,8,8
1702,2018-10-02,8,8,8
1703,2018-10-03,8,8,5
1704,2018-10-04,5,5,20
1705,2018-10-05,5,24,35
1706,2018-10-06,24,35,15
1707,2018-10-07,35,15,15
1708,2018-10-08,15,12,10
1709,2018-10-09,12,10,8
1710,2018-10-10,12,8,5
1711,2018-10-11,8,5,12
1712,2018-10-12,5,12,8
1713,2018-10-13,20,12,5
1714,2018-10-14,10,5,5
1715,2018-10-15,8,5,12
1716,2018-10-16,5,8,18
1717,2018-10-17,8,18,10
1718,2018-10-18,18,10,8
1719,2018-10-19,15,8,5
1720,2018-10-20,5,5,5
1721,2018-10-21,6,5,12
1722,2018-10-22,5,12,8
1723,2018-10-23,12,8,8
1724,2018-10-24,8,8,5
1725,2018-10-25,5,5,5
1726,2018-10-26,5,5,8
1727,2018-10-27,5,8,12
1728,2018-10-28,8,12,10
1729,2018-10-29,12,10,5
1730,2018-10-30,8,5,5
1731,2018-10-31,5,5,23
1732,2018-11-01,5,25,20
1733,2018-11-02,25,20,15
1734,2018-11-03,20,15,12
1735,2018-11-04,20,12,8
1736,2018-11-05,15,8,5
1737,2018-11-06,8,5,16
1738,2018-11-07,5,16,18
1739,2018-11-08,16,18,12
1740,2018-11-09,20,15,12
1741,2018-11-10,12,10,8
1742,2018-11-11,12,10,8
1743,2018-11-12,8,5,5
1744,2018-11-13,5,5,5
1745,2018-11-14,5,5,5
1746,2018-11-15,5,5,8
1747,2018-11-16,5,8,8
1748,2018-11-17,8,8,8
1749,2018-11-18,8,8,10
1750,2018-11-19,8,10,5
1751,2018-11-20,8,5,5
1752,2018-11-21,5,5,5
1753,2018-11-22,5,5,8
1754,2018-11-23,5,8,8
1755,2018-11-24,8,8,8
1756,2018-11-25,8,8,5
1757,2018-11-26,8,5,5
1758,2018-11-27,5,5,5
1759,2018-11-28,5,5,24
1760,2018-11-29,5,24,28
1761,2018-11-30,24,28,12
1762,2018-12-01,28,12,10
1763,2018-12-02,12,10,12
1764,2018-12-03,12,20,8
1765,2018-12-04,20,8,8
1766,2018-12-05,8,8,8
1767,2018-12-06,10,8,8
1768,2018-12-07,12,8,5
1769,2018-12-08,12,10,5
1770,2018-12-09,8,5,8
1771,2018-12-10,5,8,8
1772,2018-12-11,5,5,5
1773,2018-12-12,5,5,5
1774,2018-12-13,5,5,8
1775,2018-12-14,5,8,8
1776,2018-12-15,8,8,5
1777,2018-12-16,8,5,5
1778,2018-12-17,5,8,5
1779,2018-12-18,8,5,5
1780,2018-12-19,5,5,5
1781,2018-12-20,8,5,5
1782,2018-12-21,5,5,8
1783,2018-12-22,5,8,5
1784,2018-12-23,8,5,5
1785,2018-12-24,5,5,5
1786,2018-12-25,5,5,8
1787,2018-12-26,5,8,12
1788,2018-12-27,8,12,8
1789,2018-12-28,15,10,8
1790,2018-12-29,10,10,8
1791,2018-12-30,10,5,5
1792,2018-12-31,5,5,5
1793,2019-01-01,5,5,12
1794,2019-01-02,5,14,20
1795,2019-01-03,15,24,15
1796,2019-01-04,24,15,8
1797,2019-01-05,12,8,5
1798,2019-01-06,8,5,5
1799,2019-01-07,5,5,5
1800,2019-01-08,5,5,5
1801,2019-01-09,5,5,8
1802,2019-01-10,5,8,8
1803,2019-01-11,8,8,8
1804,2019-01-12,5,5,8
1805,2019-01-13,5,8,8
1806,2019-01-14,8,8,5
1807,2019-01-15,8,6,5
1808,2019-01-16,5,5,5
1809,2019-01-17,6,5,5
1810,2019-01-18,5,5,5
1811,2019-01-19,5,5,5
1812,2019-01-20,5,5,18
1813,2019-01-21,5,18,24
1814,2019-01-22,18,24,18
1815,2019-01-23,24,18,10
1816,2019-01-24,18,10,5
1817,2019-01-25,10,5,5
1818,2019-01-26,5,5,5
1819,2019-01-27,5,5,5
1820,2019-01-28,5,8,12
1821,2019-01-29,8,12,18
1822,2019-01-30,20,18,10
1823,2019-01-31,18,12,10
1824,2019-02-01,16,12,8
1825,2019-02-02,12,8,12
1826,2019-02-03,8,12,8
1827,2019-02-04,12,8,5
1828,2019-02-05,8,8,14
1829,2019-02-06,10,15,12
1830,2019-02-07,15,12,8
1831,2019-02-08,15,8,5
1832,2019-02-09,12,5,8
1833,2019-02-10,5,8,8
1834,2019-02-11,8,14,10
1835,2019-02-12,8,10,8
1836,2019-02-13,12,8,5
1837,2019-02-14,8,5,5
1838,2019-02-15,5,5,5
1839,2019-02-16,5,5,12
1840,2019-02-17,5,12,16
1841,2019-02-18,12,16,12
1842,2019-02-19,12,16,10
1843,2019-02-20,15,10,8
1844,2019-02-21,10,8,5
1845,2019-02-22,8,5,5
1846,2019-02-23,5,5,5
1847,2019-02-24,5,5,18
1848,2019-02-25,8,18,24
1849,2019-02-26,18,24,16
1850,2019-02-27,24,16,12
1851,2019-02-28,20,14,10
1852,2019-03-01,15,12,10
1853,2019-03-02,12,10,8
1854,2019-03-03,10,8,5
1855,2019-03-04,6,5,10
1856,2019-03-05,5,10,14
1857,2019-03-06,10,12,10
1858,2019-03-07,12,10,8
1859,2019-03-08,8,8,30
1860,2019-03-09,8,30,18
1861,2019-03-11,12,15,12
1862,2019-03-12,12,10,12
1863,2019-03-13,10,12,8
1864,2019-03-14,12,8,8
1865,2019-03-15,8,8,5
1866,2019-03-16,8,5,5
1867,2019-03-17,8,5,10
1868,2019-03-18,5,10,5
1869,2019-03-19,10,5,5
1870,2019-03-20,5,5,30
1871,2019-03-21,5,24,25
1872,2019-03-22,24,25,5
1873,2019-03-23,25,12,5
1874,2019-03-24,15,8,12
1875,2019-03-25,8,14,16
1876,2019-03-26,12,18,12
1877,2019-03-27,18,12,8
1878,2019-03-28,12,8,8
1879,2019-03-29,8,8,8
1880,2019-03-30,8,8,8
1881,2019-03-31,10,8,10
1882,2019-04-01,8,10,10
1883,2019-04-02,8,10,10
1884,2019-04-03,12,10,10
1885,2019-04-04,12,10,12
1886,2019-04-05,10,12,10
1887,2019-04-06,12,10,8
1888,2019-04-07,5,5,5
1889,2019-04-08,12,8,8
1890,2019-04-09,10,8,8
1891,2019-04-10,14,12,8
1892,2019-04-11,12,12,5
1893,2019-04-12,12,5,5
1894,2019-04-13,5,5,5
1895,2019-04-14,5,5,5
1896,2019-04-15,5,5,5
1897,2019-04-16,5,5,5
1898,2019-04-17,5,5,5
1899,2019-04-18,5,5,5
1900,2019-04-19,5,5,5
1901,2019-04-20,5,5,8
1902,2019-04-21,5,8,8
1903,2019-04-22,5,8,15
1904,2019-04-23,12,15,10
1905,2019-04-24,15,10,5
1906,2019-04-25,10,5,10
1907,2019-04-26,8,8,8
1908,2019-04-27,8,8,8
1909,2019-04-28,8,8,8
1910,2019-04-29,5,10,15
1911,2019-04-30,10,15,10
1912,2019-05-01,15,10,5
1913,2019-05-02,10,5,5
1914,2019-05-03,5,5,8
1915,2019-05-04,8,12,14
1916,2019-05-05,12,14,8
1917,2019-05-06,12,8,8
1918,2019-05-07,8,5,5
1919,2019-05-08,5,5,14
1920,2019-05-09,5,14,12
1921,2019-05-10,14,12,5
1922,2019-05-11,16,8,5
1923,2019-05-12,5,5,25
1924,2019-05-13,5,24,30
1925,2019-05-14,28,32,20
1926,2019-05-15,28,20,8
1927,2019-05-16,20,8,5
1928,2019-05-17,5,5,8
1929,2019-05-18,5,8,8
1930,2019-05-19,8,8,8
1931,2019-05-20,8,8,5
1932,2019-05-21,8,5,5
1933,2019-05-22,5,5,8
1934,2019-05-23,5,8,5
1935,2019-05-24,8,5,5
1936,2019-05-25,5,5,12
1937,2019-05-26,5,12,18
1938,2019-05-27,12,16,12
1939,2019-05-28,16,12,8
1940,2019-05-29,10,8,5
1941,2019-05-30,8,8,5
1942,2019-05-31,6,5,8
1943,2019-06-01,5,8,8
1944,2019-06-02,8,8,8
1945,2019-06-03,8,8,5
1946,2019-06-04,8,5,5
1947,2019-06-05,5,8,10
1948,2019-06-06,8,10,8
1949,2019-06-07,10,8,5
1950,2019-06-08,20,10,8
1951,2019-06-09,8,10,15
1952,2019-06-10,10,15,8
1953,2019-06-11,15,8,5
1954,2019-06-12,12,8,5
1955,2019-06-13,8,10,10
1956,2019-06-14,5,5,12
1957,2019-06-15,8,12,12
1958,2019-06-16,12,12,12
1959,2019-06-17,12,10,8
1960,2019-06-18,8,5,5
1961,2019-06-19,5,5,5
1962,2019-06-20,8,5,5
1963,2019-06-21,5,5,5
1964,2019-06-22,5,5,12
1965,2019-06-23,8,12,10
1966,2019-06-24,12,10,5
1967,2019-06-25,8,5,5
1968,2019-06-26,8,5,5
1969,2019-06-27,5,5,5
1970,2019-06-28,5,5,8
1971,2019-06-29,5,5,5
1972,2019-06-30,5,5,5
1973,2019-07-01,5,5,8
1974,2019-07-02,5,8,18
1975,2019-07-03,8,18,10
1976,2019-07-04,18,10,5
1977,2019-07-05,8,5,5
1978,2019-07-06,5,5,10
1979,2019-07-07,5,12,15
1980,2019-07-08,12,15,12
1981,2019-07-09,12,8,5
1982,2019-07-10,10,8,5
1983,2019-07-11,8,5,5
1984,2019-07-12,5,5,10
1985,2019-07-13,5,10,12
1986,2019-07-14,10,12,8
1987,2019-07-15,8,8,5
1988,2019-07-16,6,5,5
1989,2019-07-17,5,5,5
1990,2019-07-18,5,5,5
1991,2019-07-19,8,5,8
1992,2019-07-20,5,5,8
1993,2019-07-21,5,8,8
1994,2019-07-22,8,8,5
1995,2019-07-23,8,5,8
1996,2019-07-24,5,8,6
1997,2019-07-25,8,8,8
1998,2019-07-26,8,8,5
1999,2019-07-27,8,5,5
2000,2019-07-28,5,5,8
2001,2019-07-29,5,8,15
2002,2019-07-31,8,5,5
2003,2019-08-01,5,5,8
2004,2019-08-02,5,12,25
2005,2019-08-03,12,25,20
2006,2019-08-04,25,25,15
2007,2019-08-05,25,15,8
2008,2019-08-06,14,8,5
2009,2019-08-07,5,5,6
2010,2019-08-08,5,8,8
2011,2019-08-09,8,8,5
2012,2019-08-10,8,5,5
2013,2019-08-11,8,5,5
2014,2019-08-12,5,5,5
2015,2019-08-13,5,5,8
2016,2019-08-14,5,8,5
2017,2019-08-15,8,5,6
2018,2019-08-16,5,5,8
2019,2019-08-17,5,5,8
2020,2019-08-18,5,7,7
2021,2019-08-19,7,7,6
2022,2019-08-20,6,5,5
2023,2019-08-21,5,5,5
2024,2019-08-22,5,5,5
2025,2019-08-23,5,5,10
2026,2019-08-24,5,10,16
2027,2019-08-25,10,16,8
2028,2019-08-26,14,8,5
2029,2019-08-27,8,5,8
2030,2019-08-28,5,8,20
2031,2019-08-29,8,20,34
2032,2019-08-30,35,30,18
2033,2019-08-31,28,15,8
2034,2019-09-01,24,8,5
2035,2019-09-02,10,5,5
2036,2019-09-03,8,5,8
2037,2019-09-04,8,8,8
2038,2019-09-05,8,8,8
2039,2019-09-06,8,8,5
2040,2019-09-07,8,5,5
2041,2019-09-08,5,5,5
2042,2019-09-09,8,5,5
2043,2019-09-10,5,5,5
2044,2019-09-11,5,5,5
2045,2019-09-12,5,5,5
2046,2019-09-13,8,8,8
2047,2019-09-14,6,6,8
2048,2019-09-15,6,8,10
2049,2019-09-16,8,10,5
2050,2019-09-17,10,5,5
2051,2019-09-18,5,5,5
2052,2019-09-19,5,5,8
2053,2019-09-20,5,5,12
2054,2019-09-21,5,12,10
2055,2019-09-22,12,12,12
2056,2019-09-23,12,12,8
2057,2019-09-24,12,8,20
2058,2019-09-25,8,28,45
2059,2019-09-26,28,45,20
2060,2019-09-27,45,20,12
2061,2019-09-28,20,12,10
2062,2019-09-29,10,8,8
2063,2019-09-30,8,8,12
2064,2019-10-01,10,12,8
2065,2019-10-02,12,8,5
2066,2019-10-03,8,8,5
2067,2019-10-04,8,5,5
2068,2019-10-05,5,5,8
2069,2019-10-06,5,8,8
2070,2019-10-07,0,0,0
2071,2019-10-08,8,5,5
2072,2019-10-09,5,5,5
2073,2019-10-10,5,5,8
2074,2019-10-11,5,8,8
2075,2019-10-12,8,8,8
2076,2019-10-13,8,8,5
2077,2019-10-14,8,5,5
2078,2019-10-15,5,5,5
2079,2019-10-16,5,5,5
2080,2019-10-17,5,5,5
2081,2019-10-18,5,5,12
2082,2019-10-19,5,12,8
2083,2019-10-20,12,8,5
2084,2019-10-21,8,5,20
2085,2019-10-22,5,20,25
2086,2019-10-23,22,30,15
2087,2019-10-24,30,15,15
2088,2019-10-25,22,18,15
2089,2019-10-26,18,15,12
2090,2019-10-27,12,12,12
2091,2019-10-28,8,10,8
2092,2019-10-29,10,8,8
2093,2019-10-30,8,8,5
2094,2019-10-31,8,5,5
2095,2019-11-01,5,5,5
2096,2019-11-02,5,5,8
2097,2019-11-03,5,8,10
2098,2019-11-04,8,8,8
2099,2019-11-05,8,8,5
2100,2019-11-06,8,5,5
2101,2019-11-07,5,5,10
2102,2019-11-08,5,10,15
2103,2019-11-09,10,15,8
2104,2019-11-10,15,8,5
2105,2019-11-11,10,5,5
2106,2019-11-12,5,5,5
2107,2019-11-13,5,5,12
2108,2019-11-14,5,12,8
2109,2019-11-15,12,8,5
2110,2019-11-16,8,5,5
2111,2019-11-17,5,8,15
2112,2019-11-18,8,16,20
2113,2019-11-19,16,20,18
2114,2019-11-20,20,16,10
2115,2019-11-21,16,10,8
2116,2019-11-22,10,8,8
2117,2019-11-23,8,8,8
2118,2019-11-24,8,8,8
2119,2019-11-25,10,8,8
2120,2019-11-26,8,8,8
2121,2019-11-27,5,5,5
2122,2019-11-28,5,5,5
2123,2019-11-29,5,5,5
2124,2019-11-30,5,5,8
2125,2019-12-01,5,8,8
2126,2019-12-02,5,5,5
2127,2019-12-03,5,5,5
2128,2019-12-04,5,5,5
2129,2019-12-05,5,5,8
2130,2019-12-06,5,8,8
2131,2019-12-07,8,8,5
2132,2019-12-08,8,5,5
2133,2019-12-09,5,5,5
2134,2019-12-10,5,5,5
2135,2019-12-11,5,5,8
2136,2019-12-12,5,5,5
2137,2019-12-13,5,5,5
2138,2019-12-14,5,5,5
2139,2019-12-15,5,5,12
2140,2019-12-17,10,12,8
2141,2019-12-18,10,8,8
2142,2019-12-20,5,5,5
2143,2019-12-21,5,5,5
2144,2019-12-22,5,5,8
2145,2019-12-23,5,8,8
2146,2019-12-24,8,8,5
2147,2019-12-25,8,5,5
2148,2019-12-26,5,5,5
2149,2019-12-27,5,5,8
2150,2019-12-28,5,8,8
2151,2019-12-29,8,8,8
2152,2019-12-30,8,8,5
2153,2020-01-01,5,5,5
2154,2020-01-02,5,5,5
2155,2020-01-03,5,5,5
2156,2020-01-04,5,5,5
2157,2020-01-05,8,5,8
2158,2020-01-06,5,8,8
2159,2020-01-07,8,8,8
2160,2020-01-08,8,8,5
2161,2020-01-09,8,5,5
2162,2020-01-10,8,5,8
2163,2020-01-11,5,8,10
2164,2020-01-12,8,10,10
2165,2020-01-13,10,10,8
2166,2020-01-14,8,5,5
2167,2020-01-15,5,5,5
2168,2020-01-16,5,5,8
2169,2020-01-18,10,12,12
2170,2020-01-19,12,12,10
2171,2020-01-20,10,8,5
2172,2020-01-21,10,8,5
2173,2020-01-22,5,5,5
2174,2020-01-23,5,5,5
2175,2020-01-24,5,5,5
2176,2020-01-25,5,5,5
2177,2020-01-26,5,5,10
2178,2020-01-27,5,10,10
2179,2020-01-28,10,8,5
2180,2020-01-29,8,5,5
2181,2020-01-30,8,5,5
2182,2020-01-31,10,5,5
2183,2020-02-01,6,6,6
2184,2020-02-02,5,5,5
2185,2020-02-03,5,5,12
2186,2020-02-04,5,12,8
2187,2020-02-05,12,8,5
2188,2020-02-06,12,8,5
2189,2020-02-07,8,5,5
2190,2020-02-08,5,5,12
2191,2020-02-09,5,12,10
2192,2020-02-10,12,10,5
2193,2020-02-11,5,5,5
2194,2020-02-12,5,5,5
2195,2020-02-13,5,5,5
2196,2020-02-14,5,5,10
2197,2020-02-15,5,10,8
2198,2020-02-16,10,8,10
2199,2020-02-17,8,10,8
2200,2020-02-18,22,18,8
2201,2020-02-19,18,8,5
2202,2020-02-20,5,5,5
2203,2020-02-21,8,5,5
2204,2020-02-22,8,8,8
2205,2020-02-23,8,8,12
2206,2020-02-24,5,8,8
2207,2020-02-25,8,5,5
2208,2020-02-27,5,8,12
2209,2020-02-28,10,12,12
2210,2020-02-29,12,12,8
2211,2020-03-01,12,10,8
2212,2020-03-02,8,8,8
2213,2020-03-03,8,8,5
2214,2020-03-04,8,5,5
2215,2020-03-05,6,8,8
2216,2020-03-06,8,8,8
2217,2020-03-07,5,5,8
2218,2020-03-09,8,8,5
2219,2020-03-10,8,5,5
2220,2020-03-11,5,5,5
2221,2020-03-12,5,5,5
2222,2020-03-13,5,5,5
2223,2020-03-14,5,5,5
2224,2020-03-15,5,5,5
2225,2020-03-16,8,8,8
2226,2020-03-17,8,8,5
2227,2020-03-18,8,5,5
2228,2020-03-19,8,8,8
2229,2020-03-20,8,5,5
2230,2020-03-21,8,8,5
2231,2020-03-22,8,5,5
2232,2020-03-24,5,5,5
2233,2020-03-25,5,5,5
2234,2020-03-26,5,5,5
2235,2020-03-27,5,5,12
2236,2020-03-28,5,12,12
2237,2020-03-29,12,12,8
2238,2020-03-30,12,8,8
2239,2020-03-31,12,8,8
2240,2020-04-01,8,8,5
2241,2020-04-02,8,5,8
2242,2020-04-03,5,8,5
2243,2020-04-04,8,5,5
2244,2020-04-05,5,5,5
2245,2020-04-06,5,5,5
2246,2020-04-07,5,5,8
2247,2020-04-08,8,8,12
2248,2020-04-09,8,12,5
2249,2020-04-10,12,5,5
2250,2020-04-11,8,5,5
2251,2020-04-12,5,5,5
2252,2020-04-13,5,5,5
2253,2020-04-14,5,5,5
2254,2020-04-15,8,8,8
2255,2020-04-16,5,5,5
2256,2020-04-17,5,5,12
2257,2020-04-18,5,12,10
2258,2020-04-19,12,10,8
2259,2020-04-20,14,8,10
2260,2020-04-21,8,10,5
2261,2020-04-22,8,5,5
2262,2020-04-23,5,5,5
2263,2020-04-24,5,5,5
2264,2020-04-25,8,8,8
2265,2020-04-26,8,8,8
2266,2020-04-27,8,8,8
2267,2020-04-28,8,8,8
2268,2020-04-29,8,8,8
2269,2020-04-30,5,5,8
2270,2020-05-01,5,8,8
2271,2020-05-02,8,8,10
2272,2020-05-03,8,10,8
2273,2020-05-04,5,5,5
2274,2020-05-05,5,5,5
2275,2020-05-06,5,5,5
2276,2020-05-07,5,5,5
2277,2020-05-08,5,5,8
2278,2020-05-09,5,5,5
2279,2020-05-10,5,5,8
2280,2020-05-11,5,5,5
2281,2020-05-12,5,5,5
2282,2020-05-13,5,5,5
2283,2020-05-14,5,5,5
2284,2020-05-15,5,5,5
2285,2020-05-16,5,5,8
2286,2020-05-17,5,8,8
2287,2020-05-18,8,8,5
2288,2020-05-19,8,5,5
2289,2020-05-20,5,5,5
2290,2020-05-21,5,5,5
2291,2020-05-22,5,5,5
2292,2020-05-23,5,5,5
2293,2020-05-24,5,5,5
2294,2020-05-25,5,5,5
2295,2020-05-26,5,5,8
2296,2020-05-27,5,8,8
2297,2020-05-28,8,8,8
2298,2020-05-29,8,8,5
2299,2020-05-30,8,5,5
2300,2020-05-31,5,5,5
2301,2020-06-01,5,5,5
2302,2020-06-02,5,5,5
2303,2020-06-03,5,5,8
2304,2020-06-04,5,8,8
2305,2020-06-05,8,8,5
2306,2020-06-06,5,5,5
2307,2020-06-07,12,5,5
2308,2020-06-08,5,5,5
2309,2020-06-09,5,5,5
2310,2020-06-10,5,5,5
2311,2020-06-11,5,5,5
2312,2020-06-12,5,5,5
2313,2020-06-13,5,5,8
2314,2020-06-14,5,8,10
2315,2020-06-15,8,10,8
2316,2020-06-16,8,5,5
2317,2020-06-17,5,5,5
2318,2020-06-18,5,5,5
2319,2020-06-19,5,5,5
2320,2020-06-20,5,5,5
2321,2020-06-21,5,5,5
2322,2020-06-22,5,5,5
2323,2020-06-23,5,5,5
2324,2020-06-24,5,5,8
2325,2020-06-25,5,8,5
2326,2020-06-26,8,8,6
2327,2020-06-27,8,6,8
2328,2020-06-28,5,8,8
2329,2020-06-29,8,8,5
2330,2020-06-30,8,5,5
2331,2020-07-01,5,5,5
2332,2020-07-02,5,5,5
2333,2020-07-03,5,8,5
2334,2020-07-04,8,5,5
2335,2020-07-05,8,5,5
2336,2020-07-06,5,8,8
2337,2020-07-07,8,8,5
2338,2020-07-08,8,5,5
2339,2020-07-09,5,5,10
2340,2020-07-10,5,10,8
2341,2020-07-11,8,8,12
2342,2020-07-12,8,12,8
2343,2020-07-13,12,5,5
2344,2020-07-14,8,5,5
2345,2020-07-15,5,5,5
2346,2020-07-16,5,5,5
2347,2020-07-17,5,5,5
2348,2020-07-18,5,5,5
2349,2020-07-19,5,5,5
2350,2020-07-20,5,5,8
2351,2020-07-21,5,8,8
2352,2020-07-22,8,8,12
2353,2020-07-23,8,12,8
2354,2020-07-24,12,8,5
2355,2020-07-25,8,5,8
2356,2020-07-26,5,8,8
2357,2020-07-27,8,8,5
2358,2020-07-28,5,5,5
2359,2020-07-29,5,5,5
2360,2020-07-30,5,8,10
2361,2020-07-31,8,12,8
2362,2020-08-01,14,8,8
2363,2020-08-02,8,8,5
2364,2020-08-03,12,8,5
2365,2020-08-04,8,5,5
2366,2020-08-05,5,5,8
2367,2020-08-06,5,8,5
2368,2020-08-07,8,5,5
2369,2020-08-08,5,5,5
2370,2020-08-09,5,5,5
2371,2020-08-10,5,5,5
2372,2020-08-11,5,5,5
2373,2020-08-12,5,5,5
2374,2020-08-13,5,5,5
2375,2020-08-14,5,5,5
2376,2020-08-15,5,5,5
2377,2020-08-16,5,5,10
2378,2020-08-17,5,8,16
2379,2020-08-18,8,16,8
2380,2020-08-19,16,8,5
2381,2020-08-20,5,5,6
2382,2020-08-21,5,6,6
2383,2020-08-22,6,6,8
2384,2020-08-23,8,12,8
2385,2020-08-24,12,8,5
2386,2020-08-25,8,5,5
2387,2020-08-26,8,8,10
2388,2020-08-27,8,10,12
2389,2020-08-28,12,12,12
2390,2020-08-29,12,12,12
2391,2020-08-30,10,12,10
2392,2020-08-31,15,12,10
2393,2020-09-01,12,10,5
2394,2020-09-02,10,5,5
2395,2020-09-03,5,5,5
2396,2020-09-04,5,5,5
2397,2020-09-05,5,5,5
2398,2020-09-06,5,5,5
2399,2020-09-07,5,5,5
2400,2020-09-08,5,5,5
2401,2020-09-09,5,5,5
2402,2020-09-10,5,5,5
2403,2020-09-11,5,5,5
2404,2020-09-12,5,5,5
2405,2020-09-13,5,5,5
2406,2020-09-14,5,5,5
2407,2020-09-15,5,5,5
2408,2020-09-16,5,5,5
2409,2020-09-17,5,5,5
2410,2020-09-18,5,5,5
2411,2020-09-19,5,5,5
2412,2020-09-20,5,5,10
2413,2020-09-21,5,10,12
2414,2024-02-29,8,12,12
2415,2024-03-01,12,12,10
2416,2024-03-02,12,10,5
2417,2024-03-03,14,5,5
2418,2024-03-04,5,5,5
2419,2024-03-05,5,5,8
2420,2024-03-06,8,15,20
2421,2024-03-07,15,20,10
2422,2024-03-08,20,10,12
2423,2024-03-09,10,12,10
2424,2024-03-10,12,10,5
2425,2024-03-11,5,5,8
2426,2024-03-12,5,8,12
2427,2024-03-13,14,12,8
2428,2024-03-14,12,8,8
2429,2024-03-15,8,8,5
2430,2024-03-16,8,5,5
2431,2024-03-17,5,5,18
2432,2024-03-18,5,18,20
2433,2024-03-19,18,20,8
2434,2024-03-20,20,8,5
2435,2024-03-21,15,5,16
2436,2024-03-22,5,16,18
2437,2024-03-23,25,45,22
2438,2024-03-24,50,22,5
2439,2024-03-25,22,8,5
2440,2024-03-26,8,5,10
2441,2024-03-27,5,10,8
2442,2024-03-28,8,8,10
2443,2024-03-29,8,10,10
2444,2024-03-30,10,10,8
2445,2024-03-31,10,8,12
2446,2024-04-01,8,12,18
2447,2024-04-02,12,18,18
2448,2024-04-03,18,18,8
2449,2024-04-04,16,10,5
2450,2024-04-05,10,5,5
2451,2024-04-06,5,5,15
2452,2024-04-07,5,12,12
2453,2024-04-08,12,12,8
2454,2024-04-09,12,8,5
2455,2024-04-10,10,5,8
2456,2024-04-11,5,8,15
2457,2024-04-12,8,20,15
2458,2024-04-13,20,18,8
2459,2024-04-14,18,8,5
2460,2024-04-15,15,15,15
2461,2024-04-16,15,20,10
2462,2024-04-17,20,10,10
2463,2024-04-18,6,10,12
2464,2024-04-19,10,12,8
2465,2024-04-20,12,8,15
2466,2024-04-21,10,15,10
2467,2024-04-22,15,10,21
2468,2024-04-23,10,20,18
2469,2024-04-24,20,18,15
2470,2024-04-26,18,15,10
2471,2024-04-27,15,10,8
2472,2024-04-28,10,8,15
2473,2024-04-29,8,18,20
2474,2024-04-30,18,20,18
2475,2024-05-01,20,18,20
2476,2024-05-02,40,15,12
2477,2024-05-03,15,20,35
2478,2024-05-04,20,35,12
2479,2024-05-05,35,12,8
2480,2024-05-06,12,8,10
2481,2024-05-07,8,12,8
2482,2024-05-08,12,37,50
2483,2024-05-09,25,90,30
2484,2024-05-10,106,30,20
2485,2024-05-11,217,60,20
2486,2024-05-12,40,18,12
2487,2024-05-13,26,18,10
2488,2024-05-14,18,10,12
2489,2024-05-15,12,12,8
2490,2024-05-16,15,8,15
2491,2024-05-17,18,15,15
2492,2024-05-18,18,24,16
2493,2024-05-19,24,16,5
2494,2024-05-20,16,5,5
2495,2024-05-21,8,8,14
2496,2024-05-22,8,14,12
2497,2024-05-23,15,12,12
2498,2024-05-24,12,12,8
2499,2024-05-25,12,8,8
2500,2024-05-26,8,8,5
2501,2024-05-27,8,12,8
2502,2024-05-28,12,8,5
2503,2024-05-29,8,25,25
2504,2024-05-30,25,25,5
2505,2024-05-31,25,8,5
2506,2024-06-02,5,18,15
2507,2024-06-03,22,16,5
2508,2024-06-04,14,5,5
2509,2024-06-05,5,5,10
2510,2024-06-06,5,10,8
2511,2024-06-07,15,10,5
2512,2024-06-08,10,36,20
2513,2024-06-09,36,20,10
2514,2024-06-10,20,10,5
2515,2024-06-11,8,5,5
2516,2024-06-12,5,5,5
2517,2024-06-13,5,12,15
2518,2024-06-14,12,15,8
2519,2024-06-15,15,8,15
2520,2024-06-16,8,15,8
2521,2024-06-17,15,8,5
2522,2024-06-19,5,8,10
2523,2024-06-20,10,12,10
2524,2024-06-21,12,10,5
2525,2024-06-22,10,5,5
2526,2024-06-23,8,5,5
2527,2024-06-24,5,5,5
2528,2024-06-25,5,5,5
2529,2024-06-26,5,12,15
2530,2024-06-27,12,15,5
2531,2024-06-28,20,8,15
2532,2024-06-29,8,15,12
2533,2024-06-30,15,12,12
2534,2024-07-01,12,18,12
2535,2024-07-02,18,12,8
2536,2024-07-03,12,8,5
2537,2024-07-04,8,5,5
2538,2024-07-05,5,5,12
2539,2024-07-06,5,12,10
2540,2024-07-07,12,10,5
2541,2024-07-08,8,5,12
2542,2024-07-09,5,12,8
2543,2024-07-10,12,8,15
2544,2024-07-11,8,15,18
2545,2024-07-12,15,18,12
2546,2024-07-13,16,12,8
2547,2024-07-14,5,5,5
2548,2024-07-15,5,5,10
2549,2024-07-16,8,10,8
2550,2024-07-17,10,8,16
2551,2024-07-18,8,16,20
2552,2024-07-19,16,20,8
2553,2024-07-20,20,8,5
2554,2024-07-21,5,5,5
2555,2024-07-22,10,30,12
2556,2024-07-23,24,12,5
2557,2024-07-24,10,10,18
2558,2024-07-25,12,18,8
2559,2024-07-26,18,8,12
2560,2024-07-27,8,18,30
2561,2024-07-28,18,72,35
2562,2024-07-29,72,35,32
2563,2024-07-30,30,30,10
2564,2024-07-31,30,10,5
2565,2024-08-01,10,30,25
2566,2024-08-02,30,25,8
2567,2024-08-03,25,8,5
2568,2024-08-04,15,10,8
2569,2024-08-05,10,8,5
2570,2024-08-06,8,6,12
2571,2024-08-07,6,32,40
2572,2024-08-08,34,52,36
2573,2024-08-09,42,30,43
2574,2024-08-10,25,38,15
2575,2024-08-11,38,15,8
2576,2024-08-12,40,12,8
2577,2024-08-13,8,5,8
2578,2024-08-14,5,8,10
2579,2024-08-15,10,18,30
2580,2024-08-16,18,30,22
2581,2024-08-17,25,10,8
2582,2024-08-18,10,5,5
2583,2024-08-19,5,5,10
2584,2024-08-20,5,12,8
2585,2024-08-21,12,8,5
2586,2024-08-22,8,5,5
2587,2024-08-23,5,5,5
2588,2024-08-24,5,5,12
2589,2024-08-25,5,12,12
2590,2024-08-26,12,12,5
2591,2024-08-27,14,5,8
2592,2024-08-28,15,8,5
2593,2024-08-29,8,8,8
2594,2024-10-07,30,8,5
2595,2024-10-08,10,5,14
2596,2024-10-09,125,122,42
2597,2024-10-10,122,42,12
2598,2024-10-11,30,12,12
2599,2024-10-12,12,10,12
2600,2024-10-13,10,12,25
2601,2024-10-14,12,25,8
2602,2024-10-15,25,8,5
2603,2024-10-16,8,15,15
2604,2024-10-17,15,15,12
2605,2024-10-19,12,5,15
2606,2024-10-20,5,15,10
2607,2024-10-21,15,10,8
2608,2024-10-22,10,8,5
2609,2024-10-23,10,15,8
2610,2024-10-24,15,18,7
2611,2024-10-25,18,7,8
2612,2024-10-26,15,25,15
2613,2024-10-27,45,22,8
2614,2024-10-28,15,8,5
2615,2024-10-29,10,5,8
2616,2024-10-30,5,8,8
2617,2024-10-31,5,8,15
2618,2024-11-01,8,15,10
2619,2024-11-02,15,10,5
2620,2024-11-03,10,8,5
2621,2024-11-05,18,24,12
2622,2024-11-06,26,16,20
2623,2024-11-07,16,20,18
2624,2024-11-08,20,20,12
2625,2024-11-09,20,12,10
2626,2024-11-10,15,10,15
2627,2024-11-11,10,15,12
2628,2024-11-12,15,12,12
2629,2024-11-13,12,12,10
2630,2024-11-14,12,10,8
2631,2024-11-15,10,8,12
2632,2024-11-16,8,12,8
2633,2024-11-17,12,8,5
2634,2024-11-18,8,5,5
2635,2024-11-19,5,5,8
2636,2024-11-20,5,8,8
2637,2024-11-21,8,8,8
2638,2024-11-22,8,8,8
2639,2024-11-23,8,5,5
2640,2024-11-24,5,5,5
2641,2024-11-25,8,5,5
2642,2024-11-26,5,20,28
2643,2024-11-27,20,28,12
2644,2024-11-28,24,10,5
2645,2024-11-29,10,5,8
2646,2024-11-30,8,8,5
2647,2024-12-01,8,5,5
2648,2024-12-02,5,5,5
2649,2024-12-03,5,5,8
2650,2024-12-04,5,8,8
2651,2024-12-05,8,8,8
2652,2024-12-06,8,8,5
2653,2024-12-07,6,5,8
2654,2024-12-08,8,8,8
2655,2024-12-09,12,12,8
2656,2024-12-10,12,8,5
2657,2024-12-11,5,5,5
2658,2024-12-12,5,5,8
2659,2024-12-13,5,10,8
2660,2024-12-14,10,8,15
2661,2024-12-15,8,15,8
2662,2024-12-16,15,10,5
2663,2024-12-17,12,5,5
2664,2024-12-18,5,5,5
2665,2024-12-19,5,5,5
2666,2024-12-20,8,5,8
2667,2024-12-21,8,8,10
2668,2024-12-22,8,10,8
2669,2024-12-23,10,25,10
2670,2024-12-24,25,25,10
2671,2024-12-25,25,10,8
2672,2024-12-26,10,8,5
2673,2024-12-27,8,10,8
2674,2024-12-28,8,8,5
2675,2024-12-29,8,50,20
2676,2024-12-30,50,20,8
2677,2024-12-31,20,8,5
2678,2025-01-01,15,15,5
2679,2025-01-02,12,18,18
2680,2025-01-03,18,18,12
2681,2025-01-04,25,12,8
2682,2025-01-05,22,12,8
2683,2025-01-06,12,8,5
2684,2025-01-07,8,5,5
2685,2025-01-08,5,5,8
2686,2025-01-09,8,8,10
2687,2025-01-10,10,5,5
2688,2025-01-11,6,6,8
2689,2025-01-12,6,8,10
2690,2025-01-13,8,10,6
2691,2025-01-14,10,6,8
2692,2025-01-15,8,8,10
2693,2025-01-16,15,12,10
2694,2025-01-17,15,10,8
2695,2025-01-18,10,8,8
2696,2025-01-19,12,8,5
2697,2025-01-20,12,5,5
2698,2025-01-21,8,5,15
2699,2025-01-22,5,15,30
2700,2025-01-23,15,30,15
2701,2025-01-24,30,15,5
2702,2025-01-25,15,5,5
2703,2025-01-26,5,5,10
2704,2025-01-27,5,10,5
2705,2025-01-28,10,5,10
2706,2025-01-29,5,10,12
2707,2025-01-30,26,24,13
2708,2025-01-31,24,13,8
2709,2025-02-01,14,10,18
2710,2025-02-02,14,18,8
2711,2025-02-03,18,8,5
2712,2025-02-04,5,5,8
2713,2025-02-05,8,12,10
2714,2025-02-06,12,10,5
2715,2025-02-07,8,14,25
2716,2025-02-08,14,25,18
2717,2025-02-09,27,18,15
2718,2025-02-10,18,15,20
2719,2025-02-11,15,20,15
2720,2025-02-12,20,15,10
2721,2025-02-13,22,14,10
2722,2025-02-14,22,16,10
2723,2025-02-15,22,12,16
2724,2025-02-16,12,16,10
2725,2025-02-17,16,10,8
2726,2025-02-18,10,8,5
2727,2025-02-19,8,5,5
2728,2025-02-20,5,5,5
2729,2025-02-21,5,5,8
2730,2025-02-22,5,8,8
2731,2025-02-23,8,8,6
2732,2025-02-24,10,6,10
2733,2025-02-25,6,10,18
2734,2025-02-26,10,18,12
2735,2025-02-27,18,12,10
2736,2025-02-28,15,10,8
2737,2025-03-01,12,8,5
2738,2025-03-02,8,18,25
2739,2025-03-03,18,25,10
2740,2025-03-04,25,10,5
2741,2025-03-05,10,5,12
2742,2025-03-06,5,12,20
2743,2025-03-07,12,20,25
2744,2025-03-08,20,25,20
2745,2025-03-09,25,20,12
2746,2025-03-10,20,12,15
2747,2025-03-11,10,15,18
2748,2025-03-12,26,18,12
2749,2025-03-13,30,24,15
2750,2025-03-14,20,15,12
2751,2025-03-15,15,12,15
2752,2025-03-16,12,15,10
2753,2025-03-17,15,12,12
2754,2025-03-18,12,12,8
2755,2025-03-19,20,8,12
2756,2025-03-20,5,12,12
2757,2025-03-21,28,12,8
2758,2025-03-22,65,20,30
2759,2025-03-23,20,30,20
2760,2025-03-24,30,20,15
2761,2025-03-25,37,28,18
2762,2025-03-26,40,25,15
2763,2025-03-27,25,15,8
2764,2025-03-28,15,8,5
2765,2025-03-29,12,5,10
2766,2025-03-30,8,10,8
2767,2025-03-31,10,8,5
2768,2025-04-01,12,5,18
2769,2025-04-02,12,18,20
2770,2025-04-03,18,20,10
2771,2025-04-04,24,13,8
2772,2025-04-05,20,12,12
2773,2025-04-06,16,14,8
2774,2025-04-07,14,10,10
2775,2025-04-08,18,12,12
2776,2025-04-09,12,18,20
2777,2025-04-10,15,20,15
2778,2025-04-11,22,16,12
2779,2025-04-12,16,12,8
2780,2025-04-13,12,12,36
2781,2025-04-14,12,38,25
2782,2025-04-15,54,30,18
2783,2025-04-16,45,18,10
2784,2025-04-17,12,10,8
2785,2025-04-18,10,8,35
2786,2025-04-19,10,8,35
2787,2025-04-20,12,35,35
2788,2025-04-21,32,20,18
2789,2025-04-22,20,18,12
2790,2025-04-23,18,12,8
2791,2025-04-24,12,8,15
2792,2025-04-25,8,15,12
2793,2025-04-26,15,12,8
2794,2025-04-27,12,8,5
2795,2025-04-28,8,5,5
2796,2025-04-29,5,5,12
2797,2025-04-30,8,10,12
2798,2025-05-01,23,10,12
2799,2025-05-02,18,15,18
2800,2025-05-03,15,18,12
2801,2025-05-04,18,12,6
2802,2025-05-05,21,15,10
2803,2025-05-06,15,10,25
2804,2025-05-07,10,25,12
2805,2025-05-08,25,12,12
2806,2025-05-09,12,12,8
2807,2025-05-10,12,8,12
2808,2025-05-11,20,12,10
2809,2025-05-12,12,10,12
2810,2025-05-13,10,12,8
2811,2025-05-14,12,8,15
2812,2025-05-15,8,15,25
2813,2025-05-16,16,30,30
2814,2025-05-17,30,32,16
2815,2025-05-18,18,12,12
2816,2025-05-19,12,12,10
2817,2025-05-21,10,12,5
2818,2025-05-22,12,12,12
2819,2025-05-23,12,12,12
2820,2025-05-24,8,8,8
2821,2025-05-25,8,8,12
2822,2025-05-26,8,25,16
2823,2025-05-27,25,16,12
2824,2025-05-28,20,18,12
2825,2025-05-29,38,22,20
2826,2025-05-30,22,20,15
2827,2025-05-31,96,100,44
2828,2025-06-01,86,35,18
2829,2025-06-02,48,20,20
2830,2025-06-03,18,20,15
2831,2025-06-04,33,15,18
2832,2025-06-05,15,18,15
2833,2025-06-06,18,15,13
2834,2025-06-07,20,22,12
2835,2025-06-08,22,12,12
2836,2025-06-09,12,12,8
2837,2025-06-10,12,8,15
2838,2025-06-11,8,15,32
2839,2025-06-12,15,32,25
2840,2025-06-13,47,24,18
2841,2025-06-14,18,22,15
2842,2025-06-15,16,15,10
2843,2025-06-16,15,17,15
2844,2025-06-17,17,12,24
2845,2025-06-18,12,24,10
2846,2025-06-19,24,10,5
2847,2025-06-20,10,10,12
2848,2025-06-21,10,12,12
2849,2025-06-22,12,12,35
2850,2025-06-23,12,40,28
2851,2025-06-24,40,26,15
2852,2025-06-25,32,20,14
2853,2025-06-26,20,14,8
2854,2025-06-27,15,8,5
2855,2025-06-28,8,5,5
2856,2025-06-29,5,5,10
2857,2025-06-30,12,32,20
2858,2025-07-01,32,20,12
2859,2025-07-02,22,12,10
2860,2025-07-03,12,10,8
2861,2025-07-04,10,8,8
2862,2025-07-05,8,8,5
2863,2025-07-06,10,8,5
2864,2025-07-07,8,5,5
2865,2025-07-08,5,5,5
2866,2025-07-09,5,5,10
2867,2025-07-10,5,10,8
2868,2025-07-11,12,15,10
2869,2025-07-12,15,10,8
2870,2025-07-13,12,10,10
2871,2025-07-14,15,10,8
2872,2025-07-15,14,8,8
2873,2025-07-16,8,8,5
2874,2025-07-17,15,10,8
2875,2025-07-18,10,5,5
2876,2025-07-19,5,5,5
2877,2025-07-20,5,5,15
2878,2025-07-21,12,25,15
2879,2025-07-22,25,15,10
2880,2025-07-23,20,12,6
2881,2025-07-24,12,6,20
2882,2025-07-25,6,20,12
2883,2025-07-26,20,12,5
2884,2025-07-27,10,8,10
2885,2025-07-28,8,12,12
2886,2025-07-29,12,12,8
2887,2025-07-30,14,8,5
2888,2025-07-31,8,8,5
2889,2025-08-01,10,5,5
2890,2025-08-02,5,5,8
2891,2025-08-03,12,10,8
2892,2025-08-04,8,8,5
2893,2025-08-05,8,5,5
2894,2025-08-06,11,32,26
2895,2025-08-07,32,26,20
2896,2025-08-08,28,18,18
2897,2025-08-09,22,18,15
2898,2025-08-10,18,15,12
2899,2025-08-11,15,12,10
2900,2025-08-12,12,10,10
2901,2025-08-13,10,10,5
2902,2025-08-14,10,5,5
2903,2025-08-15,5,5,18
2904,2025-08-16,5,12,30
2905,2025-08-17,12,30,18
2906,2025-08-18,28,25,15
2907,2025-08-19,25,15,8
2908,2025-08-20,14,8,5
2909,2025-08-21,8,5,5
2910,2025-08-22,5,5,12
2911,2025-08-23,5,12,15
2912,2025-08-24,12,15,8
2913,2025-08-25,15,8,8
2914,2025-08-26,10,8,8
2915,2025-08-27,10,8,5
2916,2025-08-29,5,10,8
2917,2025-08-30,10,8,5
2918,2025-08-31,20,55,10
2919,2025-09-01,55,12,8
2920,2025-09-02,24,8,12
2921,2025-09-03,8,12,25
2922,2025-09-04,18,25,15
2923,2025-09-05,25,28,12
2924,2025-09-06,25,12,8
2925,2025-09-07,12,8,8
2926,2025-09-08,8,8,5
2927,2025-09-09,8,8,5
2928,2025-09-10,12,5,5
2929,2025-09-11,8,5,15
2930,2025-09-12,8,18,15
2931,2025-09-13,20,15,12
2932,2025-09-14,20,12,10
2933,2025-09-15,24,15,10
2934,2025-09-16,15,10,5
2935,2025-09-17,10,5,5
2936,2025-09-18,5,5,15
2937,2025-09-19,5,15,24
2938,2025-09-20,18,24,12
2939,2025-09-21,24,12,5
2940,2025-09-22,15,8,5
2941,2025-09-23,8,5,5
2942,2025-09-24,5,5,8
2943,2025-09-25,5,8,12
2944,2025-09-26,8,18,14
2945,2025-09-27,18,14,8
2946,2025-09-28,14,8,5
2947,2025-09-29,15,12,5
2948,2025-09-30,32,18,15
2949,2025-10-01,37,24,0
2950,2025-10-02,25,18,18
2951,2025-10-03,18,18,15
2952,2025-10-04,18,15,18
2953,2025-10-05,15,18,15
2954,2025-10-06,21,18,8
2955,2025-10-07,21,8,5
2956,2025-10-08,8,5,14
2957,2025-10-09,5,15,25
2958,2025-10-10,15,25,18
2959,2025-10-11,25,18,8
2960,2025-10-12,18,8,10
2961,2025-10-13,12,12,22
2962,2025-10-15,28,25,10
2963,2025-10-16,25,16,12
2964,2025-10-17,16,12,14
2965,2025-10-18,15,12,8
2966,2025-10-19,12,10,8
2967,2025-10-20,10,8,5
2968,2025-10-21,8,5,5
2969,2025-10-22,5,5,10
2970,2025-10-23,5,10,8
2971,2025-10-24,10,8,12
2972,2025-10-25,8,12,35
2973,2025-10-26,12,35,30
2974,2025-10-27,35,30,25
2975,2025-10-28,30,25,18
2976,2025-10-29,25,18,10
2977,2025-10-30,18,10,8
2978,2025-10-31,18,15,12
2979,2025-11-01,15,12,10
2980,2025-11-02,15,10,5
2981,2025-11-03,10,5,18
2982,2025-11-04,5,18,24
2983,2025-11-05,38,76,25
2984,2025-11-06,76,34,18
2985,2025-11-07,35,18,30
2986,2025-11-08,18,30,15
2987,2025-11-09,18,35,25
2988,2025-11-10,35,52,22
2989,2025-11-11,109,55,22
2990,2025-11-12,97,22,8
2991,2025-11-14,8,15,22
2992,2025-11-15,15,22,12
2993,2025-11-16,22,12,10
2994,2025-11-17,12,10,8
2995,2025-11-18,5,5,12
2996,2025-11-19,12,15,8
2997,2025-11-20,15,8,5
2998,2025-11-21,8,5,5
2999,2025-11-22,5,5,5
3000,2025-11-23,8,12,25
3001,2025-11-24,20,25,25
3002,2025-11-25,36,30,25
3003,2025-11-26,30,25,12
3004,2025-11-27,25,12,8
3005,2025-11-28,12,8,5
3006,2025-11-29,12,5,5
3007,2025-11-30,8,5,15
3008,2025-12-01,5,24,35
3009,2025-12-02,25,35,30
3010,2025-12-03,35,25,12
3011,2025-12-04,20,12,18
3012,2025-12-05,12,18,18
3013,2025-12-06,18,18,5
3014,2025-12-07,18,70,33
3015,2025-12-08,66,33,10
3016,2025-12-09,9,9,14
3017,2025-12-10,9,14,12
3018,2025-12-11,22,16,12
3019,2025-12-12,19,12,8
3020,2025-12-13,12,10,8
3021,2025-12-14,10,8,10
3022,2025-12-15,8,15,25
3023,2025-12-16,15,15,10
3024,2025-12-17,15,10,8
3025,2025-12-18,10,8,5
3026,2025-12-19,8,5,18
3027,2025-12-20,5,22,30
3028,2025-12-21,28,22,20
3029,2025-12-22,20,18,12
3030,2025-12-23,18,12,10
3031,2025-12-24,12,10,5
3032,2025-12-25,10,5,5
3033,2025-12-26,5,5,5
3034,2025-12-27,5,5,5
3035,2025-12-28,5,5,8
3036,2025-12-29,8,12,26
3037,2025-12-30,12,29,18
3038,2025-12-31,18,16,42
3039,2026-01-01,16,42,15
3040,2026-01-02,35,18,12
3041,2026-01-03,18,12,8
3042,2026-01-04,10,5,5
3043,2026-01-05,5,5,5
3044,2026-01-06,5,5,24
3045,2026-01-07,8,24,15
3046,2026-01-08,24,15,10
3047,2026-01-09,21,30,15
3048,2026-01-10,34,18,15
3049,2026-01-11,28,18,12
3050,2026-01-12,18,12,8
3051,2026-01-13,12,8,5
3052,2026-01-14,8,5,25
3053,2026-01-15,12,25,22
3054,2026-01-16,28,20,18
3055,2026-01-17,24,20,16
3056,2026-01-18,20,16,10
3057,2026-01-19,86,20,10
3058,2026-01-20,42,18,10
3059,2026-01-21,32,15,9
3060,2026-01-22,12,10,8
3061,2026-01-23,18,8,5
3062,2026-01-24,8,5,8
3063,2026-01-25,8,8,24
3064,2026-01-26,8,24,18
3065,2026-01-27,24,18,10
3066,2026-01-28,18,10,8
3067,2026-01-29,12,8,5
3068,2026-01-30,5,5,5
3069,2026-01-31,5,5,5
3070,2026-02-01,5,5,5
3071,2026-02-02,5,5,16
3072,2026-02-03,5,16,27
3073,2026-02-04,25,25,12
3074,2026-02-05,20,15,20
3075,2026-02-06,15,20,16
3076,2026-02-07,20,15,8
3077,2026-02-08,15,8,5
3078,2026-02-09,8,5,5
3079,2026-02-10,5,5,5
3080,2026-02-11,5,5,12
3081,2026-02-12,5,12,20
3082,2026-02-13,12,25,20
3083,2026-02-14,25,20,12
3084,2026-02-15,20,12,10
